Leaderboard name,#Empty multi-scenario leaderboards (non-pwc),Feedback manners (ihw-only),Leaderboard organization strategies (non-pwc),Host platforms,Host platforms with model linkage (non-template),Publishers (non-template),Publication venues,Submission artifacts (non-template),Submission channels (non-template),Supported languages,Task modalities
a-NLI,,[],[],[['Allen Institute for AI']],[],[],['ICLR'],[],[],['English'],['Text']
A-OKVQA,,[],[],"[['Allen Institute for AI'], ['PapersWithCode']]",[],[],['ECCV'],[],[],['English'],"['Text', 'Image']"
ActivityNet,,[],[],[['PapersWithCode']],[],[],['CVPR'],[],[],['English'],"['Text', 'Video']"
ActivityNet Captions,,[],[],[['PapersWithCode']],['ihw'],[],['ICCV'],[],[],['English'],"['Text', 'Video']"
ActivityNet-QA,,[],[],[['PapersWithCode']],[],[],['AAAI'],[],[],['English'],"['Text', 'Video']"
ADE20K,,[],[],[['PapersWithCode']],[],[],['IJCV'],[],[],['English'],"['Text', 'Image']"
AgentBench,,[],[],"[['GitHub', 'Independently-hosted website']]",[],"['Tsinghua University', 'Ohio State University', 'University of California Berkeley']",['Preprint'],[],[],['English'],['Text']
AI2D,,[],[],[['PapersWithCode']],[],[],['ECCV'],[],[],['English'],"['Text', 'Image']"
AISHELL-1,,[],[],[['PapersWithCode']],[],[],['O-COCOSDA'],[],[],['English'],"['Text', 'Audio']"
AlignBench,,[],['Evaluator'],"[['GitHub', 'Independently-hosted website']]",[],"['Tsinghua University', 'Zhipu AI', 'Renmin University of China', 'Sichuan University', 'Lehigh University']",['Preprint'],['Evaluation Results'],['Submission Portal'],['Chinese'],['Text']
AlpacaEval (v2),,[],['Leaderboard Version'],[['GitHub']],['gh'],['Stanford University'],[],['Evaluation Results'],['Pull Request'],['English'],['Text']
ANGO,,[],['Supported Functionality'],[['HuggingFace']],[],['Independent Contributor'],['Preprint'],['Evaluation Results'],['Pull Request'],['Chinese'],['Text']
ANLI,,[],[],"[['GitHub'], ['PapersWithCode']]",['gh'],"['University of North Carolina Chapel Hill', 'Meta']",['ACL'],[],[],['English'],['Text']
APPS,,[],[],[['PapersWithCode']],[],[],['NeurIPS'],[],[],['English'],"['Text', 'Code']"
ARC,,[],[],"[['Allen Institute for AI'], ['PapersWithCode']]",[],[],['Preprint'],[],[],"['English', 'Chinese']",['Text']
ASDiv,,[],[],[['PapersWithCode']],[],[],['ACL'],[],[],['English'],['Text']
AVA,,[],[],[['PapersWithCode']],[],[],['CVPR'],[],[],['English'],"['Text', 'Video']"
BANKING77,,[],[],[['PapersWithCode']],[],[],['NLP4ConvAI'],[],[],['English'],['Text']
BBH,,[],[],[['PapersWithCode']],[],[],['Preprint'],[],[],['English'],"['Text', 'Image']"
BEIR,,[],[],[['PapersWithCode']],[],[],['NeurIPS'],[],[],['English'],['Text']
BenchLMM,,[],['Task'],"[['GitHub'], ['PapersWithCode']]",[],"['Nanyang Technological University', 'University of Technology Sydney', 'Northeastern University', 'Mohamed bin Zayed University of Artificial Intelligence', 'Zhejiang University']",['Preprint'],[],[],['English'],"['Text', 'Image']"
Big Code Models Leaderboard,,[],[],[['HuggingFace']],['hf'],['BigCode'],[],['Evaluation Results'],['Pull Request'],['English'],"['Text', 'Code']"
BIG-Bench,,[],[],[['PapersWithCode']],[],[],['Preprint'],[],[],['English'],"['Text', 'Code', 'Image']"
BioASQ,,[],[],[['PapersWithCode']],[],[],['AAAI'],[],[],['English'],['Text']
BIRD,,[],['Evaluation Metrics'],[['GitHub']],['gh'],"['University of Hong Kong', 'Alibaba Group DAMO Academy', 'Tsinghua University', 'Shanghai AI Laboratory', 'Massachusetts Institute of Technology', 'Chinese University of Hong Kong', 'University of Illinois Urbana Champaign']",['NeurIPS'],"['Inference API', 'Model Repository']",['Email'],['English'],"['Text', 'Code']"
BoolQ,,[],[],[['PapersWithCode']],[],[],['NAACL'],[],[],['English'],['Text']
BotChat,,[],[],[['GitHub']],['gh'],"['Shanghai AI Laboratory', 'Fudan University', 'Shanghai Jiao Tong University', 'Chinese University of Hong Kong']",['Preprint'],[],[],['English'],['Text']
C-Eval,,[],"['Evaluation Dataset', 'Model Accessibility']","[['GitHub', 'Independently-hosted website']]","['gh', 'ihw']","['Shanghai Jiao Tong University', 'Tsinghua University', 'University of Edinburgh', 'Hong Kong University of Science and Technology']",['Preprint'],['Evaluation Results'],['Submission Portal'],['Chinese'],['Text']
C-Eval Hard,,[],[],[['GitHub']],[],"['Shanghai Jiao Tong University', 'Tsinghua University', 'University of Edinburgh', 'Hong Kong University of Science and Technology']",['Preprint'],[],[],['Chinese'],['Text']
CanAiCode Leaderboard,,[],['Task'],[['HuggingFace']],['hf'],['Independent Contributor'],[],['Evaluation Results'],['Pull Request'],['English'],"['Text', 'Code']"
CB,,[],[],[['PapersWithCode']],[],[],['Sinn und Bedeutung'],[],[],['English'],['Text']
CCBench,2,[],['Model Accessibility'],"[['HuggingFace', 'Independently-hosted website']]","['hf', 'ihw']","['Shanghai AI Laboratory', 'Nanyang Technological University', 'Chinese University of Hong Kong', 'National University of Singapore', 'Zhejiang University']",['Preprint'],['Evaluation Results'],['Submission Portal'],['Chinese'],"['Text', 'Image']"
CCEval,,"['Contact', 'Issue']",['Task'],"[['GitHub'], ['Independently-hosted website']]",[],"['Columbia University', 'Amazon AWS AI Lab']",['NeurIPS'],[],[],['English'],"['Text', 'Code']"
CG-Eval,,"['Contact', 'Issue']",[],[['Independently-hosted website']],['ihw'],"['Besteasy', 'LanguageX AI Lab']",['Preprint'],['Evaluation Results'],['Submission Portal'],['Chinese'],['Text']
Charades,,[],[],[['PapersWithCode']],[],[],['ECCV'],[],[],['English'],"['Text', 'Video']"
ChartQA,,[],[],[['PapersWithCode']],[],[],['ACL'],[],[],['English'],"['Text', 'Image']"
Chatbot Arena Leaderboard,,[],['Evaluation Metrics'],"[['HuggingFace', 'Independently-hosted website']]","['hf', 'ihw']","['University of California Berkeley', 'University of California San Diego', 'Carnegie Mellon University', 'Stanford University', 'Mohamed bin Zayed University of Artificial Intelligence']",['Preprint'],[],[],['English'],['Text']
ChEF,,[],"['Supported Functionality', 'Model Accessibility', 'Supported Modality']",[['GitHub']],[],"['Shanghai AI Laboratory', 'Beihang University', 'University of Sydney']",['Preprint'],[],[],['English'],"['Text', 'Image']"
ChineseFactEval,,[],[],[['GitHub']],[],"['Shanghai Jiao Tong University', 'Shanghai AI Laboratory']",['Preprint'],[],[],['English'],['Text']
CIFAR-10,,[],[],[['PapersWithCode']],[],[],['Preprint'],[],[],['English'],"['Text', 'Image']"
Civil Comments,,[],[],[['PapersWithCode']],[],[],[],[],[],['English'],['Text']
CLEVA,,"['Contact', 'Issue']",['Supported Functionality'],[['Independently-hosted website']],[],"['Chinese University of Hong Kong', 'Shanghai AI Laboratory']",['EMNLP'],['Inference API'],['Questionaire'],['English'],"['Text', 'Code']"
CLiB,,[],"['Aggregated Result', 'Supported Functionality', 'Model Size']",[['GitHub']],[],['Independent Contributor'],[],[],[],['Chinese'],['Text']
CLUE,,[],[],[['PapersWithCode']],[],[],['COLING'],[],[],['Chinese'],['Text']
CMB,,"['Contact', 'Issue']",['Task'],[['Independently-hosted website']],[],"['Chinese University of Hong Kong', 'Shenzhen Research Institute of Big Data']",['Preprint'],['Evaluation Results'],['Submission Portal'],['Chinese'],['Text']
CMMLU,,[],['#Prompt Example'],[['GitHub']],['gh'],"['Mohamed bin Zayed University of Artificial Intelligence', 'Shanghai Jiao Tong University', 'Microsoft Research Asia', 'University of Melbourne']",['Preprint'],['Evaluation Results'],"['Email', 'Pull Request']",['Chinese'],['Text']
CMMMU,,[],['Supported Modality'],[['GitHub']],[],"['Multimodal Art Projection Research Community', 'Hong Kong University of Science and Technology', 'University of Waterloo', 'Chinese Academy of Sciences', 'University of Chinese Academy of Sciences', 'Peking University', 'Hong Kong Polytechnic University', 'Waseda University', 'University of Manchester', '01.AI']",['Preprint'],[],[],['Chinese'],['Text']
CNN DM,,[],[],[['PapersWithCode']],[],[],['CoNLL'],[],[],['English'],['Text']
CoLA,,[],[],[['PapersWithCode']],[],[],['TACL'],[],[],['English'],['Text']
Colossal-AI,,[],[],[['GitHub']],[],['HPC-AI Tech'],[],[],[],"['English', 'Chinese']",['Text']
CoNaLa,,[],[],[['PapersWithCode']],[],[],['MSR'],[],[],['English'],"['Text', 'Code']"
COPA,,[],[],[['PapersWithCode']],[],[],['SemEval'],[],[],['English'],['Text']
CoQA,,[],[],[['PapersWithCode']],[],[],['TACL'],[],[],['English'],['Text']
CORE-MM,,[],[],"[['GitHub', 'PapersWithCode']]",[],['ByteDance'],['Preprint'],['Evaluation Results'],['Email'],['English'],"['Text', 'Image']"
CosmosQA,,[],[],[['Allen Institute for AI']],[],[],['EMNLP'],[],[],['English'],['Text']
CrowS-Pairs,,[],[],[['PapersWithCode']],[],[],['EMNLP'],[],[],['English'],['Text']
CRUXEval,,[],['Task'],[['GitHub']],['gh'],"['Massachusetts Institute of Technology', 'Meta']",['Preprint'],[],[],['English'],"['Text', 'Code']"
CSQA (v2),,[],[],[['Allen Institute for AI']],[],[],['NAACL'],[],[],['English'],['Text']
DecodingTrust,,[],[],"[['GitHub'], ['HuggingFace']]",[],"['University of Illinois Urbana Champaign', 'Stanford University', 'University of California Berkeley', 'Center for AI Safety', 'Microsoft', 'Chinese University of Hong Kong']",['NeurIPS'],['Model Repository'],['Submission Portal'],['English'],['Text']
DiDeMo,,[],[],[['PapersWithCode']],[],[],['ICCV'],[],[],['English'],"['Text', 'Video']"
Do-Not-Answer,,[],[],[['GitHub']],[],"['LibrAI', 'Mohamed bin Zayed University of Artificial Intelligence', 'University of Melbourne']",['Preprint'],[],[],['English'],['Text']
DocVQA,,['Contact'],[],"[['PapersWithCode'], ['Independently-hosted website']]",['ihw'],['Computer Vision Center '],['WACV'],['Evaluation Results'],['Submission Portal'],['English'],"['Text', 'Image']"
DROP,,[],[],[['PapersWithCode']],[],[],['NAACL'],[],[],['English'],['Text']
DS-1000,,[],[],[['GitHub']],['gh'],"['University of Hong Kong', 'Peking University', 'Stanford University', 'University of California Berkeley', 'University of Washington', 'Meta', 'Carnegie Mellon University']",['PMLR'],[],[],['English'],"['Text', 'Code']"
DyVal,,[],"['Aggregated Result', 'Supported Functionality']",[['GitHub']],[],"['Microsoft', 'Georgia Institute of Technology', 'Duke University', 'Stanford University']",['Preprint'],[],[],['English'],['Text']
EQ-Bench (v2),,"['Contact', 'Issue']",[],[['Independently-hosted website']],['ihw'],['Independent Contributor'],['Preprint'],[],[],['English'],['Text']
EvalPlus,,[],"['Aggregated Result', 'Benchmark']",[['GitHub']],['gh'],"['University of Illinois Urbana Champaign', 'Nanjing University']",['NeurIPS'],"['Inference API', 'Model Repository']",['Issue'],['English'],"['Text', 'Code']"
FacTool,,[],[],[['GitHub']],[],"['Shanghai Jiao Tong University', 'Carnegie Mellon University', 'City University of Hong Kong', 'New York University', 'Meta', 'Hong Kong University of Science and Technology', 'Shanghai AI Laboratory']",['Preprint'],[],[],['English'],"['Text', 'Code']"
FActScore,,[],[],[['GitHub']],['gh'],"['University of Washington', 'University of Massachusetts Amherst', 'Allen Institute for AI', 'Meta']",['EMNLP'],[],[],['English'],['Text']
FELM,,[],[],[['GitHub']],[],"['City University of Hong Kong', 'Hong Kong University of Science and Technology', 'National University of Singapore', 'Carnegie Mellon University', 'Shanghai Jiao Tong University']",['NeurIPS'],[],[],['English'],['Text']
FewCLUE,,[],[],[['PapersWithCode']],[],[],['Preprint'],[],[],['Chinese'],['Text']
FinanceIQ,,[],['#Prompt Example'],[['GitHub']],['gh'],['Duxiaoman'],[],[],[],['English'],['Text']
FlagEval,18,"['Contact', 'Issue']","['Supported Functionality', 'Supported Modality', 'Model Size', 'Model Type']",[['Independently-hosted website']],[],"['Peking University', 'Nankai University', 'Beijing Normal University', 'Chinese Academy of Sciences', 'Beijing University of Posts and Telecommunications', 'Beihang University', 'China Electronics Standardization Institute', 'Minjiang University']",[],['Model Repository'],['Submission Portal'],"['English', 'Chinese']","['Text', 'Code', 'Image', 'Audio']"
FLEURS,,[],[],[['PapersWithCode']],[],[],['SLT'],[],[],['English'],"['Text', 'Audio']"
Flickr30K,,[],[],[['PapersWithCode']],[],[],['TACL'],[],[],['English'],"['Text', 'Image']"
Flores-101,,[],[],[['PapersWithCode']],[],[],['TACL'],[],[],['English'],['Text']
Food-101,,[],[],[['PapersWithCode']],[],[],['ECCV'],[],[],['English'],"['Text', 'Video']"
GAIA,,[],['Evaluation Dataset'],[['HuggingFace']],['hf'],"['Meta FAIR', 'Hugging Face', 'AutoGPT', 'Meta GenAI']",['Preprint'],['Evaluation Results'],['Submission Portal'],['English'],['Text']
GAOKAO-Bench,,[],[],[['GitHub']],[],"['Fudan University', 'East China Normal University']",['Preprint'],[],[],"['English', 'Chinese']",['Text']
GENIE,,[],['Benchmark'],[['Allen Institute for AI']],[],[],['EMNLP'],[],[],['English'],['Text']
GQA,,[],[],[['PapersWithCode']],[],[],['CVPR'],[],[],['English'],"['Text', 'Image']"
GSM8K,,[],[],[['PapersWithCode']],[],[],['Preprint'],[],[],['English'],['Text']
HalluQA,,[],[],[['GitHub']],[],"['Fudan University', 'Shanghai AI Laboratory']",['Preprint'],[],[],"['English', 'Chinese']",['Text']
HallusionBench,,[],[],"[['GitHub'], ['PapersWithCode']]",[],['University of Maryland College Park'],['Preprint'],[],[],['English'],"['Text', 'Image']"
HEIM,,"['Contact', 'Issue']","['Benchmark', 'Supported Language', 'Supported Functionality', 'Task']",[['Independently-hosted website']],[],"['Stanford University', 'Microsoft', 'Aleph Alpha', 'Pohang University of Science and Technology', 'Adobe', 'Carnegie Mellon University']",['NeurIPS'],[],[],"['English', 'Chinese', 'Hindi', 'Spanish']","['Text', 'Image']"
HellaSwag,,[],[],[['PapersWithCode']],[],[],['ACL'],[],[],['English'],['Text']
HellaSwag Leaderboard,,"['Contact', 'Issue']",[],[['Independently-hosted website']],['ihw'],"['University of Washington', 'Allen Institute for AI']",['ACL'],[],[],['English'],['Text']
HELM Classic,?,"['Contact', 'Issue']","['#Multiple Choice Options', '#Prompt Example', 'Task', 'Benchmark', 'Aggregated Result', 'Evaluation Dataset', 'Evaluation Metrics', 'Supported Language', 'Supported Functionality', 'Prompt Length', 'Prompt Pipeline', 'Supported Modality', 'Tokenizer']",[['Independently-hosted website']],[],['Stanford University'],['Preprint'],[],[],"['English', 'Chinese']","['Text', 'Code']"
HELM Lite,,"['Contact', 'Issue']","['Benchmark', 'Task', 'Supported Functionality']",[['Independently-hosted website']],[],['Stanford University'],[],[],[],"['English', 'Czech', 'German', 'French', 'Hindi', 'Russian']",['Text']
HHEM Leaderboard,,[],[],"[['GitHub', 'HuggingFace']]",[],['Vectara'],[],['Model Repository'],['Submission Portal'],['English'],['Text']
HMDB51,,[],[],[['PapersWithCode']],[],[],['ICCV'],[],[],['English'],"['Text', 'Video']"
HumanEval,,[],[],"[['GitHub'], ['PapersWithCode']]",['gh'],"['OpenAI', 'Anthropic', 'Zipline']",['Preprint'],[],[],['English'],"['Text', 'Code']"
ImageNet,,[],[],[['PapersWithCode']],[],[],['CVPR'],[],[],['English'],"['Text', 'Image']"
iNaturalist,,[],[],[['PapersWithCode']],[],[],['CVPR'],[],[],['English'],"['Text', 'Image']"
InfiCoder-Eval,,[],[],[['GitHub']],['gh'],"['ByteDance', 'Peking University']",['Preprint'],[],[],['English'],"['Text', 'Code']"
InfographicVQA,,['Contact'],[],"[['PapersWithCode'], ['Independently-hosted website']]",['ihw'],['Computer Vision Center '],['WACV'],['Evaluation Results'],['Submission Portal'],['English'],"['Text', 'Image']"
InstructEval,,[],"['Task', 'Supported Functionality']","[['GitHub', 'Independently-hosted website']]","['gh', 'ihw']","['Singapore University of Technology and Design', 'Alibaba Group DAMO Academy']",['Preprint'],[],[],['English'],['Text']
InterCode,2,[],['Benchmark'],[['GitHub']],[],['Princeton University'],['Preprint'],[],[],['English'],"['Text', 'Code']"
iVQA,,[],[],[['PapersWithCode']],[],[],['ICCV'],[],[],['English'],"['Text', 'Video']"
JustEval,,[],"['Task', 'Evaluation Dataset']",[['GitHub']],[],"['Allen Institute for AI', 'University of Washington']",['Preprint'],[],[],['English'],['Text']
KAgentBench,,[],['Evaluator'],[['GitHub']],[],"['Kuaishou', 'Harbin Institute of Technology']",['Preprint'],[],[],['English'],['Text']
Kinetics,,[],[],[['PapersWithCode']],[],[],['Preprint'],[],[],['English'],"['Text', 'Video']"
KoLA,,"['Contact', 'Issue']",['Leaderboard Launch Date'],[['Independently-hosted website']],[],['Tsinghua University'],['Preprint'],"['Inference API', 'Model Repository']",['Submission Portal'],['English'],['Text']
KQA Pro,,[],[],[['PapersWithCode']],[],[],['ACL'],[],[],['English'],['Text']
L-Eval,,[],"['Evaluator', 'Evaluation Metrics']",[['GitHub']],[],"['Fudan University', 'University of Hong Kong', 'University of Illinois Urbana Champaign', 'Shanghai AI Laboratory']",['Preprint'],['Evaluation Results'],['Email'],['English'],['Text']
LAiW Leaderboard,2,[],"['Task', 'Aggregated Result']","[['GitHub', 'HuggingFace']]",[],"['Sichuan University', 'ChanceFocus', 'Wuhan University', 'Southwest Petroleum University']",['Preprint'],[],[],['Chinese'],['Text']
LAMBADA,,[],[],[['PapersWithCode']],[],[],['ACL'],[],[],['English'],['Text']
LawBench,,"['Contact', 'Issue']",['#Prompt Example'],[['Independently-hosted website']],[],"['Nanjing University', 'Amazon Alexa AI Lab', 'Saarland University', 'Shanghai AI Laboratory']",['Preprint'],['Evaluation Results'],['Email'],['English'],['Text']
LLaVA-Bench,,[],[],[['PapersWithCode']],[],[],['NeurIPS'],[],[],['English'],"['Text', 'Image']"
LLM Benchmarker Suite,,[],[],"[['GitHub', 'Independently-hosted website']]",[],['TheoremOne'],[],[],[],['English'],"['Text', 'Code']"
LLM-Leaderboard,,[],[],"[['GitHub', 'HuggingFace', 'Independently-hosted website']]","['gh', 'hf', 'ihw']",['Independent Contributor'],[],['Evaluation Results'],['Pull Request'],['English'],"['Text', 'Code']"
LLM-Perf Leaderboard,,[],[],[['HuggingFace']],['hf'],['Hugging Face'],[],[],[],['English'],['Text']
LLMEval,,[],"['Evaluator', 'Leaderboard Version']","[['GitHub', 'Independently-hosted website']]",[],['Fudan University'],[],['Evaluation Results'],['Submission Portal'],['Chinese'],['Text']
LLMonitor,,"['Contact', 'Issue']",[],[['Independently-hosted website']],[],['Lunary'],[],[],[],['English'],['Text']
LLMPerf,,[],"['Evaluation Metrics', 'Model Size']",[['GitHub']],[],['Anyscale'],[],"['Inference API', 'Model Repository']","['Email', 'Issue']",['English'],['Text']
LMExamQA,,['Contact'],"['Aggregated Result', 'Task']",[['Independently-hosted website']],[],"['Tsinghua University', 'Singapore Management University', 'University of California Los Angeles', 'Beijing University of Posts and Telecommunications']",['Preprint'],[],[],['English'],['Text']
LogiQA,,[],[],[['PapersWithCode']],[],[],['IJCAI'],[],[],['English'],['Text']
LongBench,,[],"['Supported Language', 'Task']",[['GitHub']],[],"['Tsinghua University', 'Chinese Academy of Sciences']",['Preprint'],[],[],"['English', 'Chinese']","['Text', 'Code']"
LVLM-eHub,,['Contact'],"['Aggregated Result', 'Supported Functionality', 'Evaluation Metrics']",[['Independently-hosted website']],['ihw'],"['Shanghai AI Laboratory', 'University of Hong Kong', 'Peking University']",['Preprint'],"['Evaluation Results', 'Inference API', 'Model Repository']",['Email'],['English'],"['Text', 'Image']"
M3DBench,,[],[],[['GitHub']],[],"['Fudan University', 'Tencent', 'Institute for Infocomm Research', 'A*STAR']",['Preprint'],[],[],['English'],"['Text', 'Model']"
M3KE,,[],['#Prompt Example'],[['GitHub']],['gh'],"['Tianjin University', ""Huawei Noah's Ark Lab""]",['Preprint'],['Evaluation Results'],"['Email', 'Pull Request']",['Chinese'],['Text']
MATH,,[],[],[['PapersWithCode']],[],[],['NeurIPS'],[],[],['English'],['Text']
MATH401,,[],['Evaluation Metrics'],[['GitHub']],[],"['Alibaba Group', 'Tsinghua University']",['Preprint'],[],[],['English'],['Text']
MathQA,,[],[],[['PapersWithCode']],[],[],['NAACL'],[],[],['English'],['Text']
MathVista,,[],['Evaluation Dataset'],[['GitHub']],['gh'],"['University of California Los Angeles', 'University of Washington', 'Microsoft']",['ICLR'],['Evaluation Results'],['Email'],['English'],['Text']
MAWPS,,[],[],[['PapersWithCode']],[],[],['NAACL'],[],[],['English'],['Text']
MBPP,,[],[],[['PapersWithCode']],[],[],['Preprint'],[],[],['English'],"['Text', 'Code']"
MC-TACO,,[],[],"[['Allen Institute for AI'], ['PapersWithCode']]",[],[],['EMNLP'],[],[],['English'],['Text']
MedBench,,"['Contact', 'Issue']","['Task', 'Aggregated Result']",[['Independently-hosted website']],[],"['East China Normal University', 'Shanghai AI Laboratory', 'Hasso Plattner Institute', 'University of Potsdam', 'Shanghai Jiao Tong University']",['Preprint'],['Evaluation Results'],['Submission Portal'],['Chinese'],['Text']
MedQA,,[],[],[['PapersWithCode']],[],[],['Applied Sciences'],[],[],['English'],['Text']
Mementos,,[],[],[['GitHub']],['gh'],"['University of Maryland College Park', 'University of North Carolina Chapel Hill']",['Preprint'],['Evaluation Results'],['Email'],['English'],"['Text', 'Image']"
MINT-Bench,,[],['Evaluation Metrics'],[['GitHub']],[],"['University of Illinois Urbana Champaign', 'Renmin University of China']",['Preprint'],['Evaluation Results'],['Pull Request'],['English'],['Text']
MiT,,[],[],[['PapersWithCode']],[],"['Massachusetts Institute of Technology', 'International Business Machines', 'Chinese University of Hong Kong', 'Columbia University', 'Boston University']",['PAMI'],[],[],['English'],"['Text', 'Video']"
MLLM-Bench,,[],[],"[['GitHub', 'Independently-hosted website']]",[],"['Shenzhen Research Institute of Big Data', 'Chinese University of Hong Kong']",['Preprint'],[],[],['English'],"['Text', 'Image']"
MLS,,[],[],[['PapersWithCode']],[],[],['Interspeech'],[],[],['English'],"['Text', 'Audio']"
MM-Vet,,[],[],[['PapersWithCode']],[],[],['Preprint'],[],[],['English'],"['Text', 'Image']"
MMBench,,[],"['Evaluation Dataset', 'Supported Language', 'Model Accessibility']","[['HuggingFace', 'Independently-hosted website']]","['hf', 'ihw']","['Shanghai AI Laboratory', 'Nanyang Technological University', 'Chinese University of Hong Kong', 'National University of Singapore', 'Zhejiang University']",['Preprint'],['Evaluation Results'],['Submission Portal'],"['English', 'Chinese']","['Text', 'Image']"
MMCU,,[],"['Task', 'Aggregated Result']",[['GitHub']],[],['Besteasy'],['Preprint'],[],[],['Chinese'],['Text']
MME,,[],"['Task', 'Supported Functionality', 'Model Type']",[['GitHub']],['gh'],"['Tencent Youtu Lab', 'Xiamen University']",['Preprint'],[],[],['English'],"['Text', 'Image']"
MMLU,,[],[],"[['GitHub'], ['PapersWithCode']]",['gh'],"['University of California Berkeley', 'Columbia University', 'University of Chicago', 'University of Illinois Urbana Champaign']",['ICLR'],['Evaluation Results'],"['Email', 'Pull Request']",['English'],['Text']
MMLU-by-task Leaderboard,,[],[],[['HuggingFace']],['hf'],"['Hugging Face', 'Independent Contributor']",[],[],[],['English'],['Text']
MMMU,,[],"['Task', 'Evaluation Dataset', 'Evaluation Metrics']",[['GitHub']],['gh'],"['in.ai', 'University of Waterloo', 'Ohio State University', 'Carnegie Mellon University', 'University of Victoria', 'Princeton University', 'Independent Contributor']",['Preprint'],[],[],['English'],"['Text', 'Image']"
MMVP,,[],[],[['GitHub']],[],"['New York University', 'University of California Berkeley']",['ICCV'],[],[],['English'],"['Text', 'Image']"
MMVP-VLM,,[],[],[['GitHub']],[],"['New York University', 'University of California Berkeley']",['ICCV'],[],[],['English'],"['Text', 'Image']"
MNLI,,[],[],[['PapersWithCode']],[],[],['NAACL'],[],[],['English'],['Text']
MOCHA,,[],[],[['Allen Institute for AI']],[],[],['EMNLP'],[],[],['English'],['Text']
MRPC,,[],[],[['PapersWithCode']],[],[],['IJCNLP'],[],[],['English'],['Text']
MSCOCO,,[],[],[['PapersWithCode']],[],[],['ECCV'],[],[],['English'],"['Text', 'Image']"
MSRVTT,,[],[],[['PapersWithCode']],[],[],['CVPR'],[],[],['English'],"['Text', 'Video']"
MSRVTT-QA,,[],[],[['PapersWithCode']],[],[],['ACM-MM'],[],[],['English'],"['Text', 'Video']"
MSVD,,[],[],[['PapersWithCode']],[],[],['ACL'],[],[],['English'],"['Text', 'Video']"
MSVD-QA,,[],[],[['PapersWithCode']],[],[],['ACM-MM'],[],[],['English'],"['Text', 'Video']"
MTEB,,[],"['Supported Language', 'Task']","[['GitHub', 'HuggingFace', 'PapersWithCode', 'Independently-hosted website']]","['gh', 'hf', 'ihw']","['Hugging Face', 'Cohere']",['EACL'],['Evaluation Results'],['Metadata Upload'],"['Afrikaans', 'Albanian', 'Amharic', 'Arabic', 'Armenian', 'Assamese', 'Azerbaijani', 'Bangla', 'Basque', 'Belarusian', 'Bosnian', 'Breton', 'Bulgarian', 'Burmese', 'Catalan', 'Cebuano', 'Chichewa', 'Chinese (Simplified)', 'Chinese (Traditional)', 'Corsican', 'Croatian', 'Czech', 'Danish', 'Dhivehi', 'Dutch', 'English', 'Esperanto', 'Estonian', 'Ewe', 'Filipino', 'Finnish', 'French', 'Frisian', 'Galician', 'Georgian', 'German', 'Greek', 'Guarani', 'Gujarati', 'Haitian Creole', 'Hausa', 'Hawaiian', 'Hebrew', 'Hindi', 'Hmong', 'Hungarian', 'Icelandic', 'Igbo', 'Indonesian', 'Irish', 'Italian', 'Japanese', 'Javanese', 'Kannada', 'Kazakh', 'Khmer', 'Kinyarwanda', 'Korean', 'Kurdish (Kurmanji)', 'Kyrgyz', 'Lao', 'Latin', 'Latvian', 'Lithuanian', 'Luxembourgish', 'Macedonian', 'Malagasy', 'Malay', 'Malayalam', 'Maltese', 'Maori', 'Marathi', 'Mongolian', 'Nepali', 'Norwegian', 'Odia (Oriya)', 'Pashto', 'Persian', 'Polish', 'Portuguese', 'Punjabi', 'Quechua', 'Romanian', 'Russian', 'Samoan', 'Sanskrit', 'Scots Gaelic', 'Serbian', 'Sesotho', 'Shona', 'Sindhi', 'Sinhala', 'Slovak', 'Slovenian', 'Somali', 'Spanish', 'Sundanese', 'Swahili', 'Swedish', 'Tajik', 'Tamil', 'Tatar', 'Telugu', 'Thai', 'Tigrinya', 'Tsonga', 'Turkish', 'Turkmen', 'Ukrainian', 'Urdu', 'Uyghur', 'Uzbek']",['Text']
Multi-modal Modal Leaderboard,,[],['Aggregated Result'],"[['HuggingFace', 'Independently-hosted website']]",['ihw'],"['Shanghai AI Laboratory', 'Nanyang Technological University', 'Chinese University of Hong Kong', 'National University of Singapore', 'Zhejiang University', 'Nanjing University']",[],"['Inference API', 'Model Repository']",['Submission Portal'],"['English', 'Chinese']","['Text', 'Image']"
MultiRC,,[],[],[['PapersWithCode']],[],[],['NAACL'],[],[],['English'],['Text']
MusicCaps,,[],[],[['PapersWithCode']],[],['Google'],['Preprint'],[],[],['English'],"['Text', 'Audio']"
MusicQA,,[],[],"[['GitHub', 'PapersWithCode']]",[],"['Tencent', 'National University of Singapore']",['Preprint'],[],[],['English'],"['Text', 'Audio']"
MVBench,,[],"['Task', 'Aggregated Result']","[['GitHub', 'HuggingFace']]",[],"['Chinese Academy of Sciences', 'University of Chinese Academy of Sciences', 'Shanghai AI Laboratory', 'University of Hong Kong', 'Fudan University', 'Nanjing University']",['Preprint'],['Evaluation Results'],['Submission Portal'],['English'],"['Text', 'Video']"
Natural Instructions (v2),,[],[],[['Allen Institute for AI']],[],[],['EMNLP'],[],[],['English'],['Text']
NExT-QA,,[],[],[['PapersWithCode']],[],[],['CVPR'],[],[],['English'],"['Text', 'Video']"
NoCaps,,[],[],[['PapersWithCode']],[],[],['ICCV'],[],[],['English'],"['Text', 'Image']"
NQ,,[],[],[['PapersWithCode']],[],[],['TACL'],[],[],['English'],['Text']
OCRBench,,[],[],"[['HuggingFace', 'Independently-hosted website']]",['hf'],"['Huazhong University of Science and Technology', 'Microsoft', 'University of Science and Technology Beijing', 'Chinese Academy of Sciences', 'South China University of Technology']",['Preprint'],['Evaluation Results'],['Email'],['English'],"['Text', 'Image']"
ODEX,,[],[],[['GitHub']],[],"['Carnegie Mellon University', 'Inspired Cognition']",['Preprint'],[],[],"['English', ' Spanish', 'Japanese', 'Russian']","['Text', 'Code']"
OK-VQA,,[],[],[['PapersWithCode']],[],[],['CVPR'],[],[],['English'],"['Text', 'Image']"
OmniBenchmark,,[],[],[['PapersWithCode']],[],[],['ECCV'],[],[],['English'],"['Text', 'Image']"
Open Ko-LLM Leaderboard,,[],[],[['HuggingFace']],['hf'],['Upstage'],[],['Model Repository'],['Submission Portal'],['Korean'],['Text']
Open LLM Leaderboard,,[],[],[['HuggingFace']],['hf'],['Hugging Face'],[],['Model Repository'],['Submission Portal'],['English'],['Text']
Open Multilingual LLM Evaluation Leaderboard,,[],[],[['HuggingFace']],['hf'],['University of Oregon'],[],['Evaluation Results'],['Pull Request'],"['Vietnamese', 'Ukrainian', 'Telugu', 'Tamil', 'Swedish', 'Spanish', 'Slovak', 'Serbian', 'Russian', 'Romanian', 'Portuguese', 'Nepali', 'Marathi', 'Malayalam', 'Kannada', 'Italian', 'Indonesian', 'Hungarian', 'Hindi', 'Gujarati', 'German', 'French', 'Dutch', 'Danish', 'Croatian', 'Chinese', 'Catalan', 'Bengali', 'Basque', 'Armenian', 'Arabic']",['Text']
OpenbookQA,,[],[],"[['Allen Institute for AI'], ['PapersWithCode']]",[],[],['EMNLP'],[],[],['English'],['Text']
OpenCompass LLM Leaderboard (v2),,[],"['Aggregated Result', 'Supported Functionality']","[['HuggingFace', 'Independently-hosted website']]","['hf', 'ihw']","['Shanghai AI Laboratory', 'Nanyang Technological University', 'Chinese University of Hong Kong', 'National University of Singapore', 'Zhejiang University', 'Nanjing University']",[],"['Inference API', 'Model Repository']",['Submission Portal'],"['English', 'Chinese']","['Text', 'Code']"
OpenEval (code),,[],[],[['GitHub']],[],['Independent Contributor'],[],[],[],['English'],"['Text', 'Code']"
OpenEval (text),,[],['Supported Functionality'],[['Independently-hosted website']],[],"['Tianjin University', 'Zhengzhou University', 'China Academy of Information and Communications Technology', 'China Software Test Center', 'University of Macau', 'Macau University of Science and Technology', 'Chinese University of Hong Kong', 'Shanghai Jiao Tong University']",[],"['Evaluation Results', 'Inference API', 'Model Repository']",['Submission Portal'],['Chinese'],['Text']
Pets37,,[],[],[['PapersWithCode']],[],[],['CVPR'],[],[],['English'],"['Text', 'Image']"
PIQA,,[],[],"[['Allen Institute for AI'], ['PapersWithCode']]",[],[],['AAAI'],[],[],['English'],['Text']
Program Synthesis Models Leaderboard,,"['Contact', 'Issue']",[],[['Independently-hosted website']],['ihw'],['Accubits'],[],[],[],['English'],"['Text', 'Code']"
PromptBench,,[],['Supported Functionality'],[['GitHub']],[],"['Microsoft Research Asia', 'Chinese Academy of Sciences', 'University of Science and Technology of China', 'Carnegie Mellon University']",['Preprint'],[],[],['English'],['Text']
ProtoQA,,[],[],[['Allen Institute for AI']],[],[],['EMNLP'],[],[],['English'],['Text']
Provider Leaderboard,,['Contact'],[],[['Independently-hosted website']],[],['Martian'],[],[],[],['English'],['Text']
PubMedQA,,[],[],"[['GitHub'], ['PapersWithCode']]",['gh'],"['University of Pittsburgh', 'Carnegie Mellon University', 'Google']",['EMNLP'],['Evaluation Results'],['Email'],['English'],['Text']
Q-Bench,,[],[],[['GitHub']],[],"['Nanyang Technological University', 'Shanghai Jiao Tong University', 'SenseTime']",['Preprint'],"['Evaluation Results', 'Model Repository']",['Email'],"['English', 'Chinese']","['Text', 'Image']"
QASC,,[],[],[['Allen Institute for AI']],[],[],['AAAI'],[],[],['English'],['Text']
QNLI,,[],[],[['PapersWithCode']],[],[],['EMNLP'],[],[],['English'],['Text']
QQP,,[],[],[['PapersWithCode']],[],[],[],[],[],['English'],['Text']
QuALITY,,[],[],[['GitHub']],['gh'],['New York University'],['NAACL'],['Evaluation Results'],"['Email', 'Questionaire']",['English'],['Text']
RACE,,[],[],[['PapersWithCode']],[],[],['EMNLP'],[],[],['English'],['Text']
RAFT,,[],[],"[['HuggingFace'], ['PapersWithCode']]",[],"['Ought', 'Hugging Face', 'Stiftung Neue Verantwortung', 'Nippon Telegraph and Telephone', 'University of Oxford', 'Alan Turing Institute', 'Harvard University', 'Australian Catholic University']",['NeurIPS'],[],[],['English'],['Text']
ReCoRD,,[],[],[['PapersWithCode']],[],[],['Preprint'],[],[],['English'],['Text']
RefCOCO,,[],[],[['PapersWithCode']],[],[],['EMNLP'],[],[],['English'],"['Text', 'Image']"
ReForm-Eval,,[],[],[['GitHub']],[],"['Fudan University', 'Northeastern University', 'Alibaba Group', 'Hong Kong University of Science and Technology']",['Preprint'],['Evaluation Results'],['Email'],['English'],"['Text', 'Image']"
Robust04,,[],[],[['PapersWithCode']],[],[],['TREC'],[],[],['English'],['Text']
RoleEval,,[],"['Benchmark', 'Supported Language']",[['GitHub']],[],"['Tianjin University', 'China Academy of Information and Communications Technology']",['Preprint'],['Evaluation Results'],['Email'],"['English', 'Chinese']",['Text']
RTE,,[],[],[['PapersWithCode']],[],[],['TAC'],[],[],['English'],['Text']
Safety-Prompts,,"['Contact', 'Issue']",['Evaluation Dataset'],[['Independently-hosted website']],['ihw'],['Tsinghua University'],['Preprint'],['Evaluation Results'],['Submission Portal'],['Chinese'],['Text']
SafetyBench,,[],"['Evaluation Dataset', 'Supported Language']","[['GitHub', 'Independently-hosted website']]","['gh', 'ihw']","['Tsinghua University', 'Northwest Minzu University', 'Peking University', 'China Mobile']",['Preprint'],['Evaluation Results'],['Submission Portal'],"['English', 'Chinese']",['Text']
ScandEval,,[],['Supported Language'],[['GitHub']],[],['Alexandra Institute'],['NoDaLiDa'],[],[],"['English', 'Danish', 'Swedish', 'Norwegian', 'Icelandic', 'German', 'Dutch', 'Finnish', 'Russian', 'Arabic']",['Text']
ScienceQA,,[],[],"[['GitHub'], ['PapersWithCode']]",['gh'],"['University of California Los Angeles', 'Arizona State University', 'Allen Institute for AI']",['NeurIPS'],['Evaluation Results'],"['Email', 'Issue']",['English'],"['Text', 'Image']"
SciGraphQA,,[],[],[['GitHub']],[],['Independent Contributor'],['Preprint'],[],[],['English'],"['Text', 'Image']"
SciQ,,[],[],[['PapersWithCode']],[],"['University College London', 'University of Washington', 'Allen Institute for AI']",['WNUT'],[],[],['English'],['Text']
SCROLLS,,['Contact'],[],[['Independently-hosted website']],[],"['Tel Aviv University', 'International Business Machines', 'Meta']",['Preprint'],['Evaluation Results'],['Submission Portal'],['English'],['Text']
SEED-Bench Leaderboard,,[],['Benchmark'],[['HuggingFace']],['hf'],"['Tencent AI Lab', 'Tencent PCG ARC Lab', 'Chinese University of Hong Kong']",['Preprint'],['Evaluation Results'],['Submission Portal'],['English'],"['Text', 'Image', 'Video']"
Sherlock,,[],[],[['Allen Institute for AI']],[],[],['ECCV'],[],[],['English'],"['Text', 'Image']"
SICK,,[],[],[['PapersWithCode']],[],[],['LREC'],[],[],['English'],['Text']
SIQA,,[],[],"[['Allen Institute for AI'], ['PapersWithCode']]",[],[],"['EMNLP', 'IJCNLP']",[],[],['English'],['Text']
Something-Something (v2),,[],[],[['PapersWithCode']],[],[],['ICCV'],[],[],['English'],"['Text', 'Video']"
Spider,,[],['Evaluation Metrics'],"[['GitHub'], ['PapersWithCode']]",['gh'],['Yale University'],['EMNLP'],[],[],['English'],"['Text', 'Code']"
SQuAD,,[],[],[['PapersWithCode']],[],[],['EMNLP'],[],[],['English'],['Text']
SST,,[],[],[['PapersWithCode']],[],[],['EMNLP'],[],[],['English'],['Text']
STAR,,[],[],[['PapersWithCode']],[],[],['NeurIPS'],[],[],['English'],"['Text', 'Video']"
StereoSet,,[],[],[['PapersWithCode']],[],[],"['ACL', 'IJCNLP']",[],[],['English'],['Text']
StoryCloze,,[],[],[['PapersWithCode']],[],[],['NAACL'],[],[],['English'],['Text']
StrategyQA,,[],[],"[['Allen Institute for AI'], ['PapersWithCode']]",[],[],['TACL'],[],[],['English'],['Text']
STS-B,,[],[],[['PapersWithCode']],[],[],['EMNLP'],[],[],['English'],['Text']
SummEdits,,[],[],[['GitHub']],[],['Salesforce'],['Preprint'],[],[],['English'],['Text']
SuperCLUE,,[],"['Task', 'Aggregated Result', 'Supported Functionality', 'Model Accessibility', 'Leaderboard Launch Date']","[['GitHub', 'Independently-hosted website']]",[],"['CLUE', 'Westlake University']",['Preprint'],['?'],"['Email', 'WeChat']",['Chinese'],['Text']
SuperCLUE-Agent,,[],"['Task', 'Aggregated Result', 'Supported Functionality']","[['GitHub', 'Independently-hosted website']]",[],['CLUE'],[],['?'],"['Email', 'WeChat']",['Chinese'],['Text']
SuperCLUE-Auto,,[],"['Task', 'Aggregated Result']","[['GitHub', 'Independently-hosted website']]",[],['CLUE'],[],['?'],"['Email', 'WeChat']",['Chinese'],['Text']
SuperCLUE-Math6,,[],"['Benchmark', 'Evaluation Metrics']","[['GitHub', 'Independently-hosted website']]",[],['CLUE'],['Preprint'],['?'],"['Email', 'Questionaire', 'WeChat']",['Chinese'],['Text']
SuperCLUE-Safety,,[],"['Task', 'Aggregated Result']","[['GitHub', 'Independently-hosted website']]",[],['CLUE'],['Preprint'],['?'],"['Email', 'WeChat']",['Chinese'],['Text']
SuperCLUEgkzw,,[],[],[['GitHub']],[],['CLUE'],[],['?'],"['Email', 'WeChat']",['Chinese'],['Text']
SuperCLUElyb,,[],[],[['GitHub']],[],['CLUE'],[],"['Inference API', 'Model Repository']",['Questionaire'],['Chinese'],['Text']
SuperGLUE,,"['Contact', 'Issue']",[],[['Independently-hosted website']],['ihw'],"['New York University', 'Meta', 'University of Washington', 'Google DeepMind']",['NeurIPS'],['Evaluation Results'],['Submission Portal'],['English'],['Text']
SuperLim (v2),,['Contact'],[],[['Independently-hosted website']],[],"['University of Gothenburg', 'National Library of Sweden', 'Embark Studios', 'AI Sweden', 'iguanodon.ai']",['EMNLP'],['Evaluation Results'],['Pull Request'],['Swedish'],['Text']
SVAMP,,[],[],[['PapersWithCode']],[],[],['NAACL'],[],[],['English'],['Text']
SWE-bench,,"['Contact', 'Issue']",[],"[['PapersWithCode'], ['Independently-hosted website']]",[],"['Princeton University', 'University of Chicago']",['Preprint'],['Evaluation Results'],['Email'],['English'],"['Text', 'Code']"
T-Eval,,[],['Supported Language'],[['GitHub']],['gh'],"['University of Science and Technology of China', 'Shanghai AI Laboratory', 'Tsinghua University', 'Jilin University']",['Preprint'],['Evaluation Results'],['Issue'],"['English', 'Chinese']",['Text']
TabMWP,,[],[],[['GitHub']],['gh'],"['University of California Los Angeles', 'Georgia Institute of Technology', 'Allen Institute for AI']",['ICLR'],['Evaluation Results'],"['Email', 'Issue']",['English'],['Text']
TGIF-QA,,[],[],[['PapersWithCode']],[],[],['IJCV'],[],[],['English'],"['Text', 'Video']"
The Pile,,"['Contact', 'Issue']",[],"[['PapersWithCode', 'Independently-hosted website']]",[],[],['Preprint'],['Evaluation Results'],['Email'],['English'],['Text']
TheoremQA,,[],[],"[['GitHub', 'PapersWithCode']]",[],"['University of Waterloo', 'UC Santa Barbara', 'University of California Los Angeles']",['Preprint'],[],[],['English'],['Text']
Toloka LLM Leaderboard,,[],[],"[['HuggingFace', 'Independently-hosted website']]",[],['Toloka'],[],[],[],['English'],['Text']
Toolbench Leaderboard,,[],[],[['HuggingFace']],['hf'],['SambaNova Systems'],['Preprint'],[],[],['English'],['Text']
TouchStone,,[],[],[['GitHub']],[],"['Alibaba Group', 'Huazhong University of Science and Technology', 'Tsinghua University']",['Preprint'],[],[],['English'],"['Text', 'Image']"
TravelPlanner,,[],"['Task', 'Evaluation Dataset']","[['GitHub', 'HuggingFace']]",[],"['Fudan University', 'Ohio State University', 'Pennsylvania State University', 'Meta']",['Preprint'],['Evaluation Results'],['Submission Portal'],['English'],['Text']
TREC-COVID,,[],[],[['PapersWithCode']],[],[],['SIGIR Forum'],[],[],['English'],['Text']
TriviaQA,,[],[],[['PapersWithCode']],[],[],['ACL'],[],[],['English'],['Text']
TrustLLM,,[],['Supported Functionality'],[['GitHub']],[],"['Lehigh University', 'Illinois Institute of Technology', 'Institut Polytechnique de Paris', 'College of William & Mary', 'Texas A&M University', 'University of Georgia', 'Samsung Research America', 'Stanford University', 'Lawrence Livermore National Laboratory', 'Salesforce', 'University of Wisconsin Madison', 'Microsoft', 'Carnegie Mellon University', 'University of Maryland', 'University of California Berkeley', 'University of Illinois Urbana Champaign', 'University of North Carolina Chapel Hill', 'Massachusetts Institute of Technology', 'Harvard University', 'University of Notre Dame', 'Duke University', 'University of Tennessee Knoxville', 'University of Southern California', 'Michigan State University', 'Microsoft Research Asia', 'Drexel University', 'University of California Los Angeles', 'Virginia Polytechnic Institute and State University', 'Cyber Intelligence Sharing and Protection Act', 'University of Illinois Chicago', 'International Business Machines', 'Yale University', 'Columbia University', 'University of California Santa Barbara', 'Massachusetts General Hospital', 'Northwestern University', 'Florida International University', 'Johns Hopkins University', 'University of Pennsylvania', 'Mohamed bin Zayed University of Artificial Intelligence']",['Preprint'],['Evaluation Results'],['Questionaire'],['English'],['Text']
TruthfulQA,,[],[],"[['GitHub'], ['PapersWithCode']]",[],"['University of Oxford', 'OpenAI']",['ACL'],[],[],['English'],['Text']
tStoryCloze,,[],[],[['GitHub']],[],"['Meta FAIR', 'OpenAI', 'Hebrew University of Jerusalem']",['NeurIPS'],[],[],['English'],['Text']
TVQA,,[],[],[['PapersWithCode']],[],[],['EMNLP'],[],[],['English'],"['Text', 'Video']"
TyDiQA,,[],[],[['PapersWithCode']],[],[],['TACL'],[],[],"['English', 'Arabic', 'Bengali', 'Finnish', 'Japanese', 'Indonesian', 'Kiswahili', 'Korean', 'Russian', 'Telugu', 'Thai']",['Text']
UCF101,,[],[],[['PapersWithCode']],[],[],['Preprint'],[],[],['English'],"['Text', 'Video']"
UHGEval,,[],"['Task', 'Supported Functionality']","[['GitHub', 'HuggingFace']]",[],"['Renmin University of China', 'Institute for Advanced Algorithms Research', 'Xinhua']",['Preprint'],[],[],['Chinese'],['Text']
VBench,,[],[],"[['GitHub', 'HuggingFace']]","['gh', 'hf']","['Nanyang Technological University', 'Shanghai AI Laboratory', 'Chinese University of Hong Kong', 'Nanjing University']",['Preprint'],['Evaluation Results'],['Submission Portal'],['English'],"['Text', 'Video']"
VCR,,[],[],[['PapersWithCode']],[],[],['CVPR'],[],[],['English'],"['Text', 'Image']"
Video-Bench Leaderboard,,[],[],[['HuggingFace']],[],"['Peking University', 'Peng Cheng Laboratory', 'Microsoft', 'FarReel AI Lab']",['Preprint'],['Evaluation Results'],['Submission Portal'],['English'],"['Text', 'Video']"
VideoInstruct,,[],['Task'],"[['GitHub'], ['PapersWithCode']]",[],['Mohamed bin Zayed University of Artificial Intelligence'],['Preprint'],[],[],['English'],"['Text', 'Video']"
VisDial,,[],[],[['PapersWithCode']],[],[],['CVPR'],[],[],['English'],"['Text', 'Image']"
VisIT-Bench,,[],[],"[['GitHub', 'HuggingFace']]",[],"['Hebrew University of Jerusalem', 'Google', 'University of California Los Angeles', 'Allen Institute for AI', 'University of Washington', 'UC Santa Barbara', 'Stanford University', 'Large-scale Artificial Intelligence Open Network']",['NeurIPS'],['Evaluation Results'],['Email'],['English'],"['Text', 'Image']"
VisualWebArena,,"['Contact', 'Issue']",[],[['Independently-hosted website']],[],['Carnegie Mellon University'],['Preprint'],[],[],['English'],"['Text', 'Image']"
VizWiz,,[],[],[['PapersWithCode']],[],[],['CVPR'],[],[],['English'],"['Text', 'Image']"
VLM-Eval,,[],[],[['GitHub']],['gh'],"['Megvii', 'Shanghai Jiao Tong University']",['Preprint'],['Evaluation Results'],['Pull Request'],['English'],"['Text', 'Video']"
VNHSGE,,[],[],[['PapersWithCode']],[],[],['Preprint'],[],[],"['English', 'Vietnamese']",['Text']
VQA (v2),,[],[],[['PapersWithCode']],[],[],['CVPR'],[],[],['English'],"['Text', 'Image']"
WebVid,,[],[],[['PapersWithCode']],[],[],['ICCV'],[],[],['English'],"['Text', 'Video']"
Whoops,,[],[],[['PapersWithCode']],[],[],['ICCV'],[],[],['English'],"['Text', 'Image']"
WiC,,[],[],[['PapersWithCode']],[],[],['NAACL'],[],[],['English'],['Text']
WikiEvents,,[],[],[['PapersWithCode']],[],[],['AAAI'],[],[],['English'],['Text']
WikiText-103,,[],[],[['PapersWithCode']],[],[],['ICLR'],[],[],['English'],['Text']
WikiText-2,,[],[],[['PapersWithCode']],[],[],['ICLR'],[],[],['English'],['Text']
WinoGrande,,[],[],"[['Allen Institute for AI'], ['PapersWithCode']]",[],[],['AAAI'],[],[],['English'],['Text']
Winoground,,[],[],[['PapersWithCode']],[],[],['CVPR'],[],[],['English'],"['Text', 'Image']"
WMT (2014),,[],[],[['PapersWithCode']],[],[],['WMT'],[],[],['English'],['Text']
WNLI,,[],[],[['PapersWithCode']],[],[],['EMNLP'],[],[],['English'],['Text']
WQSP,,[],[],[['PapersWithCode']],[],[],['ACL'],[],[],['English'],['Text']
WSC,,[],[],[['PapersWithCode']],[],[],['AI Magazine'],[],[],['English'],['Text']
Xiezhi,,[],[],[['GitHub']],[],['Fudan University'],['Preprint'],[],[],"['English', 'Chinese']",['Text']
XSUM,,[],[],[['PapersWithCode']],[],[],['EMNLP'],[],[],['English'],['Text']
YALL,,[],[],"[['GitHub', 'HuggingFace']]",['gh'],['Independent Contributor'],[],[],[],['English'],['Text']
YouCook2,,[],[],[['PapersWithCode']],[],[],['AAAI'],[],[],['English'],"['Text', 'Video']"
Youku-mPLUG,,[],['Task'],[['GitHub']],[],['Alibaba Group DAMO Academy'],['Preprint'],[],[],['Chinese'],['Text']
