Leaderboard name,#Empty leaderboards (non-pwc),Display formats (non-pwc),Leaderboard development workflows (non-pwc),Model linkage (non-pwc),Platforms,Publication venues,Release organizations (non-pwc),Display formats,Leaderboard development workflows,Release organizations,#Display format,#Leaderboard development workflows
A-OKVQA,,[],[],,['Papers With Code'],['ECCV'],[],"{'Rankable Table', 'Scatter Plot'}",{'1'},{'Papers With Code'},2.0,1.0
A-OKVQA,,"['Rankable Table', 'Scatter Plot']",['2'],yes,['independent platform'],['ECCV'],['Allen Institute for AI'],"{'Rankable Table', 'Scatter Plot'}",{'2'},{'Allen Institute for AI'},2.0,1.0
ACE (2005),,[],[],,['Papers With Code'],['AAAI'],[],"{'Rankable Table', 'Scatter Plot'}",{'1'},{'Papers With Code'},2.0,1.0
ACLUE,,['Regular Table'],['6'],yes,['GitHub'],['RANLP'],['Mohamed bin Zayed University of AI'],{'Regular Table'},{'6'},{'Mohamed bin Zayed University of AI'},1.0,1.0
ActivityNet,,[],[],,['Papers With Code'],['CVPR'],[],"{'Rankable Table', 'Scatter Plot'}",{'1'},{'Papers With Code'},2.0,1.0
ActivityNet Captions,,[],[],,['Papers With Code'],['ICCV'],[],"{'Rankable Table', 'Scatter Plot'}",{'1'},{'Papers With Code'},2.0,1.0
ActivityNet-QA,,[],[],,['Papers With Code'],['AAAI'],[],"{'Rankable Table', 'Scatter Plot'}",{'1'},{'Papers With Code'},2.0,1.0
ADE20K,,[],[],,['Papers With Code'],['IJCV'],[],"{'Rankable Table', 'Scatter Plot'}",{'1'},{'Papers With Code'},2.0,1.0
AesBench,,['Regular Table'],['2'],,['GitHub'],['report'],"['Xidian University', 'Nanyang Technological University', 'OPPO']",{'Regular Table'},{'2'},"{'Nanyang Technological University', 'Xidian University', 'OPPO'}",1.0,1.0
AgentBench,,"['Bar Chart', 'Table Screenshot', 'Regular Table']",['6'],,"['GitHub', 'independent platform']",['report'],"['Tsinghua University', 'Ohio State University', 'University of California Berkeley']","{'Bar Chart', 'Table Screenshot', 'Regular Table'}",{'6'},"{'Ohio State University', 'Tsinghua University', 'University of California'}",3.0,1.0
AgentStudio,,['Rankable Table'],['2'],,['Hugging Face Spaces'],['report'],"['Nanyang Technological University', 'Skywork', 'Federal Institute of Technology Zurich']",{'Rankable Table'},{'2'},"{'Nanyang Technological University', 'Federal Institute of Technology Zurich', 'Kunlun Tech'}",1.0,1.0
AI Model Rankings,,"['Rankable Table', 'Rankable Table']",['6'],,"['Hugging Face Spaces', 'independent platform']",['report'],['University of Hong Kong'],{'Rankable Table'},{'6'},{'University of Hong Kong'},1.0,1.0
AI Model Rankings (en),,"['Rankable Table', 'Rankable Table']",['6'],,"['Hugging Face Spaces', 'independent platform']",['report'],['University of Hong Kong'],{'Rankable Table'},{'6'},{'University of Hong Kong'},1.0,1.0
AI2D,,[],[],,['Papers With Code'],['ECCV'],[],"{'Rankable Table', 'Scatter Plot'}",{'1'},{'Papers With Code'},2.0,1.0
AISHELL-1,,[],[],,['Papers With Code'],['O-COCOSDA'],[],"{'Rankable Table', 'Scatter Plot'}",{'1'},{'Papers With Code'},2.0,1.0
AlignBench,,"['Regular Table', 'Regular Table']",['2'],,"['GitHub', 'independent platform']",['report'],"['Tsinghua University', 'Zhipu AI', 'Renmin University of China', 'Sichuan University', 'Lehigh University']",{'Regular Table'},{'2'},"{'Lehigh University', 'Renmin University of China', 'Tsinghua University', 'Sichuan University', 'Zhipu AI'}",1.0,1.0
AlpacaEval (v2),,['Regular Table'],['1'],yes,['GitHub'],[],['Stanford University'],{'Regular Table'},{'1'},{'Stanford University'},1.0,1.0
Amazon Review,,[],[],,['Papers With Code'],['GitHub'],[],"{'Rankable Table', 'Scatter Plot'}",{'1'},{'Papers With Code'},2.0,1.0
ANGO,,['Rankable Table'],['1'],,['Hugging Face Spaces'],['report'],['Independent Contributor'],{'Rankable Table'},{'1'},{'Independent Contributor'},1.0,1.0
ANLI,,['Regular Table'],['2'],yes,['GitHub'],['ACL'],"['University of North Carolina Chapel Hill', 'Meta']",{'Regular Table'},{'2'},"{'University of North Carolina', 'Meta'}",1.0,1.0
ANLI,,[],[],,['Papers With Code'],['ACL'],[],"{'Rankable Table', 'Scatter Plot'}",{'1'},{'Papers With Code'},2.0,1.0
APPS,,[],[],,['Papers With Code'],['NeurIPS'],[],"{'Rankable Table', 'Scatter Plot'}",{'1'},{'Papers With Code'},2.0,1.0
ARC Challenge,,"['Rankable Table', 'Scatter Plot']",['2'],yes,['independent platform'],['report'],['Allen Institute for AI'],"{'Rankable Table', 'Scatter Plot'}",{'2'},{'Allen Institute for AI'},2.0,1.0
ARC Challenge,,[],[],,['Papers With Code'],['report'],[],"{'Rankable Table', 'Scatter Plot'}",{'1'},{'Papers With Code'},2.0,1.0
ASDiv,,[],[],,['Papers With Code'],['ACL'],[],"{'Rankable Table', 'Scatter Plot'}",{'1'},{'Papers With Code'},2.0,1.0
AudioCaps,,[],[],,['Papers With Code'],['NAAC'],[],"{'Rankable Table', 'Scatter Plot'}",{'1'},{'Papers With Code'},2.0,1.0
AutoEval-Video,,['Rankable Table'],['2'],yes,['Hugging Face Spaces'],['report'],"['Shanghai Jiao Tong University', 'ByteDance AI Lab']",{'Rankable Table'},{'2'},"{'ByteDance', 'Shanghai Jiao Tong University'}",1.0,1.0
AVA,,[],[],,['Papers With Code'],['CVPR'],[],"{'Rankable Table', 'Scatter Plot'}",{'1'},{'Papers With Code'},2.0,1.0
BACE,,[],[],,['Papers With Code'],[],[],"{'Rankable Table', 'Scatter Plot'}",{'1'},{'Papers With Code'},2.0,1.0
BANKING77,,[],[],,['Papers With Code'],['NLP4ConvAI'],[],"{'Rankable Table', 'Scatter Plot'}",{'1'},{'Papers With Code'},2.0,1.0
BBBP,,[],[],,['Papers With Code'],['Molecules'],[],"{'Rankable Table', 'Scatter Plot'}",{'1'},{'Papers With Code'},2.0,1.0
BBH,,[],[],,['Papers With Code'],['ACL'],[],"{'Rankable Table', 'Scatter Plot'}",{'1'},{'Papers With Code'},2.0,1.0
BC5CDR,,[],[],,['Papers With Code'],['DATABASE'],[],"{'Rankable Table', 'Scatter Plot'}",{'1'},{'Papers With Code'},2.0,1.0
BEIR,,[],[],,['Papers With Code'],['NeurIPS'],[],"{'Rankable Table', 'Scatter Plot'}",{'1'},{'Papers With Code'},2.0,1.0
BenchLMM,,[],[],,['Papers With Code'],['report'],[],"{'Rankable Table', 'Scatter Plot'}",{'1'},{'Papers With Code'},2.0,1.0
BenchLMM,,['Table Screenshot'],['6'],,['GitHub'],['report'],"['Nanyang Technological University', 'University of Technology Sydney', 'Northeastern University', 'Mohamed bin Zayed University of AI', 'Zhejiang University']",{'Table Screenshot'},{'6'},"{'Nanyang Technological University', 'University of Technology Sydney', 'Zhejiang University', 'Mohamed bin Zayed University of AI', 'Northeastern University'}",1.0,1.0
Berkeley Function Calling Leaderboard,,"['Rankable Table', 'Radar Chart', 'Rankable Table']",['6'],yes,"['Hugging Face Spaces', 'independent platform']","['report', 'blog']","['University of California Berkeley', 'Microsoft']","{'Radar Chart', 'Rankable Table'}",{'6'},"{'Microsoft', 'University of California'}",2.0,1.0
Big Code Models Leaderboard,,"['Rankable Table', 'Scatter Plot']",['1'],yes,['Hugging Face Spaces'],[],['BigCode'],"{'Rankable Table', 'Scatter Plot'}",{'1'},{'BigCode'},2.0,1.0
BIG-Bench,,[],[],,['Papers With Code'],['TMLR'],[],"{'Rankable Table', 'Scatter Plot'}",{'1'},{'Papers With Code'},2.0,1.0
BIGOS (v2),,['Rankable Table'],['6'],,['Hugging Face Spaces'],['FedCSIS'],['Adam Mickiewicz University'],{'Rankable Table'},{'6'},{'Adam Mickiewicz University'},1.0,1.0
BioASQ,,[],[],,['Papers With Code'],['AAAI'],[],"{'Rankable Table', 'Scatter Plot'}",{'1'},{'Papers With Code'},2.0,1.0
BioLAMA,,[],[],,['Papers With Code'],['EMNLP'],[],"{'Rankable Table', 'Scatter Plot'}",{'1'},{'Papers With Code'},2.0,1.0
Biomedical Knowledge Probing Leaderboard,,['Rankable Table'],['4'],yes,['Hugging Face Spaces'],[],['Independent Contributor'],{'Rankable Table'},{'4'},{'Independent Contributor'},1.0,1.0
BIRD,,['Regular Table'],['4'],yes,['GitHub'],['NeurIPS'],"['University of Hong Kong', 'Alibaba Group DAMO Academy', 'Tsinghua University', 'Shanghai AI Laboratory', 'Massachusetts Institute of Technology', 'Chinese University of Hong Kong', 'University of Illinois Urbana Champaign']",{'Regular Table'},{'4'},"{'Shanghai AI Laboratory', 'University of Illinois', 'Chinese University of Hong Kong', 'University of Hong Kong', 'Tsinghua University', 'Alibaba Group', 'Massachusetts Institute of Technology'}",1.0,1.0
BLINK,,"['Table Screenshot', 'Bar Chart', 'Regular Table']",['6'],,['GitHub'],['report'],"['University of Pensylvania', 'University of Washington', 'Allen Institute for AI', 'University of California Davis', 'Columbia University']","{'Bar Chart', 'Table Screenshot', 'Regular Table'}",{'6'},"{'University of California', 'University of Washington', 'Allen Institute for AI', 'Columbia University', 'University of Pensylvania'}",3.0,1.0
BoolQ,,[],[],,['Papers With Code'],['NAACL'],[],"{'Rankable Table', 'Scatter Plot'}",{'1'},{'Papers With Code'},2.0,1.0
BOP,25,['Rankable Table'],['2'],yes,['independent platform'],['ECCV'],"['Czech Technical University in Prague', 'Dresden University of Technology', 'Heidelberg University', 'Toyota', 'University of Southern Denmark', 'MVTec Software', 'National Taiwan University of Science and Technology', 'Foundation for Research and Technology - Hellas', 'Imperial College London', 'Technical University of Munich']",{'Rankable Table'},{'2'},"{'University of Southern Denmark', 'MVTec Software', 'National Taiwan University of Science and Technology', 'Dresden University of Technology', 'Toyota', 'Heidelberg University', 'Imperial College London', 'Technical University of Munich', 'Czech Technical University in Prague', 'Foundation for Research and Technology - Hellas'}",1.0,1.0
BotChat,,['Regular Table'],['6'],yes,['GitHub'],['report'],"['Shanghai AI Laboratory', 'Fudan University', 'Shanghai Jiao Tong University', 'Chinese University of Hong Kong']",{'Regular Table'},{'6'},"{'Shanghai AI Laboratory', 'Shanghai Jiao Tong University', 'Chinese University of Hong Kong', 'Fudan University'}",1.0,1.0
C-Eval,,"['Regular Table', 'Rankable Table']",['2'],yes,"['GitHub', 'independent platform']",['NeurIPS'],"['Shanghai Jiao Tong University', 'Tsinghua University', 'University of Edinburgh', 'Hong Kong University of Science and Technology']","{'Rankable Table', 'Regular Table'}",{'2'},"{'Tsinghua University', 'Shanghai Jiao Tong University', 'Hong Kong University of Science and Technology', 'University of Edinburgh'}",2.0,1.0
C-Eval Hard,,['Regular Table'],['6'],,['GitHub'],['NeurIPS'],"['Shanghai Jiao Tong University', 'Tsinghua University', 'University of Edinburgh', 'Hong Kong University of Science and Technology']",{'Regular Table'},{'6'},"{'Tsinghua University', 'Shanghai Jiao Tong University', 'Hong Kong University of Science and Technology', 'University of Edinburgh'}",1.0,1.0
C4,,[],[],,['Papers With Code'],['JMLR'],[],"{'Rankable Table', 'Scatter Plot'}",{'1'},{'Papers With Code'},2.0,1.0
CanAiCode Leaderboard,,['Rankable Table'],['Unknown'],yes,['Hugging Face Spaces'],[],['Independent Contributor'],{'Rankable Table'},{'Unknown'},{'Independent Contributor'},1.0,1.0
CB,,[],[],,['Papers With Code'],['Sinn und Bedeutung'],[],"{'Rankable Table', 'Scatter Plot'}",{'1'},{'Papers With Code'},2.0,1.0
CCBench,2,"['Rankable Table', 'Rankable Table']",['2'],yes,"['Hugging Face Spaces', 'independent platform']",['report'],"['Shanghai AI Laboratory', 'Nanyang Technological University', 'Chinese University of Hong Kong', 'National University of Singapore', 'Zhejiang University']",{'Rankable Table'},{'2'},"{'Nanyang Technological University', 'Shanghai AI Laboratory', 'Zhejiang University', 'Chinese University of Hong Kong', 'National University of Singapore'}",1.0,1.0
CFBenchmark,,['Regular Table'],['6'],,['GitHub'],['report'],"['Tongji University', 'Indiana University', 'University of Wisconsin Madison', 'Shanghai AI Laboratory']",{'Regular Table'},{'6'},"{'Shanghai AI Laboratory', 'Indiana University', 'University of Wisconsin', 'Tongji University'}",1.0,1.0
CFQ,,[],[],,['Papers With Code'],['ICLR'],[],"{'Rankable Table', 'Scatter Plot'}",{'1'},{'Papers With Code'},2.0,1.0
Charades,,[],[],,['Papers With Code'],['ECCV'],[],"{'Rankable Table', 'Scatter Plot'}",{'1'},{'Papers With Code'},2.0,1.0
ChartQA,,[],[],,['Papers With Code'],['ACL'],[],"{'Rankable Table', 'Scatter Plot'}",{'1'},{'Papers With Code'},2.0,1.0
ChEBI-20,,[],[],,['Papers With Code'],['EMNLP'],[],"{'Rankable Table', 'Scatter Plot'}",{'1'},{'Papers With Code'},2.0,1.0
ChEF,,['Regular Table'],['6'],,['GitHub'],['report'],"['Shanghai AI Laboratory', 'Beihang University', 'University of Sydney']",{'Regular Table'},{'6'},"{'Shanghai AI Laboratory', 'University of Sydney', 'Beihang University'}",1.0,1.0
ChineseFactEval,,['Regular Table'],['6'],,['GitHub'],['report'],"['Shanghai Jiao Tong University', 'Shanghai AI Laboratory']",{'Regular Table'},{'6'},"{'Shanghai AI Laboratory', 'Shanghai Jiao Tong University'}",1.0,1.0
CIFAR-10,,[],[],,['Papers With Code'],['report'],[],"{'Rankable Table', 'Scatter Plot'}",{'1'},{'Papers With Code'},2.0,1.0
Civil Comments,,[],[],,['Papers With Code'],['WWW'],[],"{'Rankable Table', 'Scatter Plot'}",{'1'},{'Papers With Code'},2.0,1.0
CLEM,,"['Rankable Table', 'Scatter Plot']",['6'],,['Hugging Face Spaces'],['EMNLP'],"['University of Potsdam', 'German Research Center for\xa0AI']","{'Rankable Table', 'Scatter Plot'}",{'6'},"{'German Research Center for\xa0AI', 'University of Potsdam'}",2.0,1.0
CLEVA,,"['Rankable Table', 'Bar Chart']",['4'],,['independent platform'],['EMNLP'],"['Chinese University of Hong Kong', 'Shanghai AI Laboratory']","{'Bar Chart', 'Rankable Table'}",{'4'},"{'Shanghai AI Laboratory', 'Chinese University of Hong Kong'}",2.0,1.0
CLiB,,['Regular Table'],['7'],yes,['GitHub'],[],['Independent Contributor'],{'Regular Table'},{'7'},{'Independent Contributor'},1.0,1.0
Clotho,,[],[],,['Papers With Code'],['ICASSP'],[],"{'Rankable Table', 'Scatter Plot'}",{'1'},{'Papers With Code'},2.0,1.0
CLUE,,[],[],,['Papers With Code'],['COLING'],[],"{'Rankable Table', 'Scatter Plot'}",{'1'},{'Papers With Code'},2.0,1.0
CMB,,['Regular Table'],['2'],,['independent platform'],['report'],"['Chinese University of Hong Kong', 'Shenzhen Research Institute of Big Data']",{'Regular Table'},{'2'},"{'Shenzhen Research Institute of Big Data', 'Chinese University of Hong Kong'}",1.0,1.0
CMMLU,,['Regular Table'],['1'],yes,['GitHub'],['report'],"['Mohamed bin Zayed University of AI', 'Shanghai Jiao Tong University', 'Microsoft Research Asia', 'University of Melbourne']",{'Regular Table'},{'1'},"{'University of Melbourne', 'Mohamed bin Zayed University of AI', 'Microsoft', 'Shanghai Jiao Tong University'}",1.0,1.0
CMMMU,,"['Regular Table', 'Rankable Table', 'Table Screenshot']",['6'],,['GitHub'],['report'],"['Multimodal Art Projection Research Community', 'Hong Kong University of Science and Technology', 'University of Waterloo', 'Chinese Academy of Sciences', 'University of Chinese Academy of Sciences', 'Peking University', 'Hong Kong Polytechnic University', 'Waseda University', 'University of Manchester', '01.AI']","{'Table Screenshot', 'Rankable Table', 'Regular Table'}",{'6'},"{'University of Chinese Academy of Sciences', 'Peking University', 'University of Manchester', 'University of Waterloo', '01.AI', 'Multimodal Art Projection Research Community', 'Hong Kong Polytechnic University', 'Chinese Academy of Sciences', 'Waseda University', 'Hong Kong University of Science and Technology'}",3.0,1.0
CNN DM,,[],[],,['Papers With Code'],['CoNLL'],[],"{'Rankable Table', 'Scatter Plot'}",{'1'},{'Papers With Code'},2.0,1.0
COCO Captions,,[],[],,['Papers With Code'],['report'],[],"{'Rankable Table', 'Scatter Plot'}",{'1'},{'Papers With Code'},2.0,1.0
code-eval,,['Regular Table'],['6'],yes,['GitHub'],[],['Independent Contributor'],{'Regular Table'},{'6'},{'Independent Contributor'},1.0,1.0
CodeContests,,[],[],,['Papers With Code'],['Science'],[],"{'Rankable Table', 'Scatter Plot'}",{'1'},{'Papers With Code'},2.0,1.0
Coding LLMs Leaderboard,,['Bar Chart'],['6'],,['independent platform'],"['NeurIPS', 'blog']",['TabbyML'],{'Bar Chart'},{'6'},{'TabbyML'},1.0,1.0
CoLA,,[],[],,['Papers With Code'],['TACL'],[],"{'Rankable Table', 'Scatter Plot'}",{'1'},{'Papers With Code'},2.0,1.0
Common Voice,,[],[],,['Papers With Code'],['LREC'],[],"{'Rankable Table', 'Scatter Plot'}",{'1'},{'Papers With Code'},2.0,1.0
ComplexWebQuestions,,[],[],,['Papers With Code'],['NAACL'],[],"{'Rankable Table', 'Scatter Plot'}",{'1'},{'Papers With Code'},2.0,1.0
CompMix,,['Regular Table'],['6'],yes,['independent platform'],['report'],['Max Planck Institute for Informatics'],{'Regular Table'},{'6'},{'Max Planck Society'},1.0,1.0
CoNaLa,,[],[],,['Papers With Code'],['MSR'],[],"{'Rankable Table', 'Scatter Plot'}",{'1'},{'Papers With Code'},2.0,1.0
CoNLL,,[],[],,['Papers With Code'],['CoNLL'],[],"{'Rankable Table', 'Scatter Plot'}",{'1'},{'Papers With Code'},2.0,1.0
ConTextual,,"['Rankable Table', 'Regular Table']",['2'],yes,"['GitHub', 'Hugging Face Spaces']",['report'],['University of California Los Angeles'],"{'Rankable Table', 'Regular Table'}",{'2'},{'University of California'},2.0,1.0
ConvRe,,['Rankable Table'],['6'],yes,['Hugging Face Spaces'],['EMNLP'],"['Beihang University', 'Shanghai AI Laboratory', '3B Group', 'University of Hong Kong', 'Massachusetts Institute of Technology']",{'Rankable Table'},{'6'},"{'Beihang University', 'Shanghai AI Laboratory', 'University of Hong Kong', 'Massachusetts Institute of Technology', '3B Group'}",1.0,1.0
COPA,,[],[],,['Papers With Code'],['SemEval'],[],"{'Rankable Table', 'Scatter Plot'}",{'1'},{'Papers With Code'},2.0,1.0
CoQA,,[],[],,['Papers With Code'],['TACL'],[],"{'Rankable Table', 'Scatter Plot'}",{'1'},{'Papers With Code'},2.0,1.0
CORE-MM,,['Rankable Table'],['2'],,"['GitHub', 'Papers With Code']",['report'],"['ByteDance', 'Chinese Academy of Sciences', 'University of Texas Austin']","{'Rankable Table', 'Scatter Plot'}","{'2', '1'}","{'Chinese Academy of Sciences', 'ByteDance', 'University of Texas'}",2.0,2.0
CosmosQA,,"['Rankable Table', 'Scatter Plot']",['2'],yes,['independent platform'],['EMNLP'],['Allen Institute for AI'],"{'Rankable Table', 'Scatter Plot'}",{'2'},{'Allen Institute for AI'},2.0,1.0
CriticBench,,['Table Screenshot'],['6'],,['GitHub'],['report'],"['Tsinghua University', 'University of Hong Kong']",{'Table Screenshot'},{'6'},"{'University of Hong Kong', 'Tsinghua University'}",1.0,1.0
CriticBench (OpenCompass),,"['Table Screenshot', 'Regular Table', 'Scatter Plot']",['2'],yes,['GitHub'],['report'],"['Beijing Institute of Technology', 'Shanghai AI Laboratory']","{'Scatter Plot', 'Table Screenshot', 'Regular Table'}",{'2'},"{'Shanghai AI Laboratory', 'Beijing Institute of Technology'}",3.0,1.0
CrossCodeEval,,['Table Screenshot'],['6'],,['GitHub'],['NeurIPS'],"['Columbia University', 'Amazon AWS AI Lab']",{'Table Screenshot'},{'6'},"{'Columbia University', 'Amazon'}",1.0,1.0
CrossNER,,[],[],,['Papers With Code'],['AAAI'],[],"{'Rankable Table', 'Scatter Plot'}",{'1'},{'Papers With Code'},2.0,1.0
CrowS-Pairs,,[],[],,['Papers With Code'],['EMNLP'],[],"{'Rankable Table', 'Scatter Plot'}",{'1'},{'Papers With Code'},2.0,1.0
CRUXEval,,['Regular Table'],['6'],yes,['GitHub'],['report'],"['Massachusetts Institute of Technology', 'Meta']",{'Regular Table'},{'6'},"{'Meta', 'Massachusetts Institute of Technology'}",1.0,1.0
CSQA (v2),,"['Rankable Table', 'Scatter Plot']",['2'],yes,['independent platform'],['NAACL'],['Allen Institute for AI'],"{'Rankable Table', 'Scatter Plot'}",{'2'},{'Allen Institute for AI'},2.0,1.0
CyberSafetyEval,,"['Rankable Table', 'Bar Chart']",['6'],,['Hugging Face Spaces'],['report'],['Meta'],"{'Bar Chart', 'Rankable Table'}",{'6'},{'Meta'},2.0,1.0
DecodingTrust,,['Rankable Table'],['1'],yes,['GitHub'],['NeurIPS'],['University of Illinois Urbana Champaign'],{'Rankable Table'},{'1'},{'University of Illinois'},1.0,1.0
DevBench,,['Regular Table'],['6'],,['GitHub'],['report'],"['Shanghai AI Laboratory', 'Nanjing University', 'Beijing University of Posts and Telecommunications', 'Dartmouth College', 'Princeton University', 'University of Hong Kong', 'Tsinghua University', 'ByteDance']",{'Regular Table'},{'6'},"{'Dartmouth College', 'Shanghai AI Laboratory', 'Nanjing University', 'Princeton University', 'Beijing University of Posts and Telecommunications', 'ByteDance', 'University of Hong Kong', 'Tsinghua University'}",1.0,1.0
DiDeMo,,[],[],,['Papers With Code'],['ICCV'],[],"{'Rankable Table', 'Scatter Plot'}",{'1'},{'Papers With Code'},2.0,1.0
Do-Not-Answer,,"['Regular Table', 'Bar Chart', 'Heat Map']",['6'],,['GitHub'],['report'],"['LibrAI', 'Mohamed bin Zayed University of AI', 'University of Melbourne']","{'Bar Chart', 'Heat Map', 'Regular Table'}",{'6'},"{'University of Melbourne', 'Mohamed bin Zayed University of AI', 'LibrAI'}",3.0,1.0
Document Visual Question Answering,,"['Rankable Table', 'Bar Chart']",['2'],yes,['independent platform'],[],['Computer Vision Center '],"{'Bar Chart', 'Rankable Table'}",{'2'},{'Computer Vision Center '},2.0,1.0
DocVQA,,[],[],,['Papers With Code'],['WACV'],[],"{'Rankable Table', 'Scatter Plot'}",{'1'},{'Papers With Code'},2.0,1.0
DROP,,[],[],,['Papers With Code'],['NAACL'],[],"{'Rankable Table', 'Scatter Plot'}",{'1'},{'Papers With Code'},2.0,1.0
DS-1000,,['Regular Table'],['6'],yes,['GitHub'],['PMLR'],"['University of Hong Kong', 'Peking University', 'Stanford University', 'University of California Berkeley', 'University of Washington', 'Meta', 'Carnegie Mellon University']",{'Regular Table'},{'6'},"{'Meta', 'University of California', 'University of Washington', 'Stanford University', 'University of Hong Kong', 'Carnegie Mellon University', 'Peking University'}",1.0,1.0
DyVal,,['Regular Table'],['6'],,['GitHub'],['ICLR'],"['Microsoft', 'Georgia Institute of Technology', 'Duke University', 'Stanford University']",{'Regular Table'},{'6'},"{'Duke University', 'Microsoft', 'Georgia Institute of Technology', 'Stanford University'}",1.0,1.0
Enterprise Scenarios leaderboard,,['Rankable Table'],['4'],yes,['Hugging Face Spaces'],[],['Patronus AI\n'],{'Rankable Table'},{'4'},{'Patronus AI\n'},1.0,1.0
EQ-Bench,,"['Rankable Table', 'Rankable Table']",['Unknown'],yes,"['Hugging Face Spaces', 'independent platform']",['report'],['Independent Contributor'],{'Rankable Table'},{'Unknown'},{'Independent Contributor'},1.0,1.0
EvalPlus,,"['Regular Table', 'Scatter Plot', 'Rankable Table']",['4'],yes,"['GitHub', 'independent platform']",['NeurIPS'],"['University of Illinois Urbana Champaign', 'Nanjing University']","{'Scatter Plot', 'Rankable Table', 'Regular Table'}",{'4'},"{'University of Illinois', 'Nanjing University'}",3.0,1.0
FActScore,,['Regular Table'],['6'],yes,['GitHub'],['EMNLP'],"['University of Washington', 'University of Massachusetts Amherst', 'Allen Institute for AI', 'Meta']",{'Regular Table'},{'6'},"{'University of Massachusetts', 'Meta', 'Allen Institute for AI', 'University of Washington'}",1.0,1.0
Factuality Leaderboard,,['Regular Table'],['6'],,['GitHub'],['report'],"['Shanghai Jiao Tong University', 'Carnegie Mellon University', 'City University of Hong Kong', 'New York University', 'Meta', 'Hong Kong University of Science and Technology', 'Shanghai AI Laboratory']",{'Regular Table'},{'6'},"{'Meta', 'Shanghai Jiao Tong University', 'Shanghai AI Laboratory', 'New York University', 'City University of Hong Kong', 'Carnegie Mellon University', 'Hong Kong University of Science and Technology'}",1.0,1.0
FELM,,['Regular Table'],['6'],,['GitHub'],['NeurIPS'],"['City University of Hong Kong', 'Hong Kong University of Science and Technology', 'National University of Singapore', 'Carnegie Mellon University', 'Shanghai Jiao Tong University']",{'Regular Table'},{'6'},"{'City University of Hong Kong', 'Carnegie Mellon University', 'Shanghai Jiao Tong University', 'Hong Kong University of Science and Technology', 'National University of Singapore'}",1.0,1.0
FewCLUE,,[],[],,['Papers With Code'],['report'],[],"{'Rankable Table', 'Scatter Plot'}",{'1'},{'Papers With Code'},2.0,1.0
FinanceIQ,,['Regular Table'],['6'],yes,['GitHub'],[],['Duxiaoman'],{'Regular Table'},{'6'},{'Duxiaoman'},1.0,1.0
FineAction,,[],[],,['Papers With Code'],['TIP'],[],"{'Rankable Table', 'Scatter Plot'}",{'1'},{'Papers With Code'},2.0,1.0
FinQA,,[],[],,['Papers With Code'],['EMNLP'],[],"{'Rankable Table', 'Scatter Plot'}",{'1'},{'Papers With Code'},2.0,1.0
FlagEval,Unknown,['Rankable Table'],['4'],,['independent platform'],[],"['Peking University', 'Nankai University', 'Beijing Normal University', 'Chinese Academy of Sciences', 'Beijing University of Posts and Telecommunications', 'Beihang University', 'China Electronics Standardization Institute', 'Minjiang University']",{'Rankable Table'},{'4'},"{'Beihang University', 'Nankai University', 'Beijing University of Posts and Telecommunications', 'Beijing Normal University', 'China Electronics Standardization Institute', 'Chinese Academy of Sciences', 'Minjiang University', 'Peking University'}",1.0,1.0
FLEURS,,[],[],,['Papers With Code'],['SLT'],[],"{'Rankable Table', 'Scatter Plot'}",{'1'},{'Papers With Code'},2.0,1.0
Flickr30K,,[],[],,['Papers With Code'],['TACL'],[],"{'Rankable Table', 'Scatter Plot'}",{'1'},{'Papers With Code'},2.0,1.0
Flores-101,,[],[],,['Papers With Code'],['TACL'],[],"{'Rankable Table', 'Scatter Plot'}",{'1'},{'Papers With Code'},2.0,1.0
Food-101,,[],[],,['Papers With Code'],['ECCV'],[],"{'Rankable Table', 'Scatter Plot'}",{'1'},{'Papers With Code'},2.0,1.0
FSD50K,,[],[],,['Papers With Code'],['TASLP'],[],"{'Rankable Table', 'Scatter Plot'}",{'1'},{'Papers With Code'},2.0,1.0
FSMBench,,['Rankable Table'],['6'],,['Hugging Face Spaces'],[],['Independent Contributor'],{'Rankable Table'},{'6'},{'Independent Contributor'},1.0,1.0
FuseReviews,,['Rankable Table'],['2'],,['Hugging Face Spaces'],['NAACL'],"['Bar-Ilan University', 'Amazon']",{'Rankable Table'},{'2'},"{'Bar-Ilan University', 'Amazon'}",1.0,1.0
GAIA,,['Rankable Table'],['2'],yes,['Hugging Face Spaces'],['report'],"['Meta FAIR', 'Hugging Face', 'AutoGPT', 'Meta GenAI']",{'Rankable Table'},{'2'},"{'AutoGPT', 'Meta', 'Hugging Face'}",1.0,1.0
GAOKAO-Bench,,"['Regular Table', 'Bar Chart']",['6'],,['GitHub'],['report'],"['Fudan University', 'East China Normal University']","{'Bar Chart', 'Regular Table'}",{'6'},"{'East China Normal University', 'Fudan University'}",2.0,1.0
GEM,,[],[],,['Papers With Code'],['ACL'],[],"{'Rankable Table', 'Scatter Plot'}",{'1'},{'Papers With Code'},2.0,1.0
GENIA,,[],[],,['Papers With Code'],['Bioinformatics'],[],"{'Rankable Table', 'Scatter Plot'}",{'1'},{'Papers With Code'},2.0,1.0
GENIE,,"['Rankable Table', 'Scatter Plot']",['2'],yes,['independent platform'],['EMNLP'],['Allen Institute for AI'],"{'Rankable Table', 'Scatter Plot'}",{'2'},{'Allen Institute for AI'},2.0,1.0
GITQA,,"['Table Screenshot', 'Bar Chart']",['6'],,['GitHub'],['report'],"['Southern University of Science and Technology', 'Hong Kong University of Science and Technology', 'Peng Cheng Laboratory']","{'Bar Chart', 'Table Screenshot'}",{'6'},"{'Southern University of Science and Technology', 'Peng Cheng Laboratory', 'Hong Kong University of Science and Technology'}",2.0,1.0
GlitchBench,,"['Rankable Table', 'Regular Table']",['2'],yes,"['GitHub', 'Hugging Face Spaces']",['CVPR'],"['University of Wisconsin Madison', 'Microsoft']","{'Rankable Table', 'Regular Table'}",{'2'},"{'Microsoft', 'University of Wisconsin'}",2.0,1.0
GQA,,[],[],,['Papers With Code'],['CVPR'],[],"{'Rankable Table', 'Scatter Plot'}",{'1'},{'Papers With Code'},2.0,1.0
GSM8K,,[],[],,['Papers With Code'],['report'],[],"{'Rankable Table', 'Scatter Plot'}",{'1'},{'Papers With Code'},2.0,1.0
Guerra LLM AI Leaderboard,,"['Rankable Table', 'Radar Chart', 'Bar Chart']",['6'],,['Hugging Face Spaces'],[],['Independent Contributor'],"{'Bar Chart', 'Radar Chart', 'Rankable Table'}",{'6'},{'Independent Contributor'},3.0,1.0
Hackathon Somos NLP 2023 Leaderboard (Models),,['Rankable Table'],['3'],yes,['Hugging Face Spaces'],[],['Somos NLP'],{'Rankable Table'},{'3'},{'Somos NLP'},1.0,1.0
Hallucinations Leaderboard,,['Rankable Table'],['4'],yes,['Hugging Face Spaces'],['blog'],['University of Edinburgh'],{'Rankable Table'},{'4'},{'University of Edinburgh'},1.0,1.0
HalluQA,,"['Regular Table', 'Bar Chart']",['6'],,['GitHub'],['report'],"['Fudan University', 'Shanghai AI Laboratory']","{'Bar Chart', 'Regular Table'}",{'6'},"{'Shanghai AI Laboratory', 'Fudan University'}",2.0,1.0
HallusionBench,,[],[],,['Papers With Code'],['report'],[],"{'Rankable Table', 'Scatter Plot'}",{'1'},{'Papers With Code'},2.0,1.0
HallusionBench,,['Regular Table'],['6'],,['GitHub'],['CVPR'],['University of Maryland College Park'],{'Regular Table'},{'6'},{'University of Maryland'},1.0,1.0
HEIM,,['Rankable Table'],['6'],yes,['independent platform'],['NeurIPS'],"['Stanford University', 'Microsoft', 'Aleph Alpha', 'Pohang University of Science and Technology', 'Adobe', 'Carnegie Mellon University']",{'Rankable Table'},{'6'},"{'Aleph Alpha', 'Stanford University', 'Adobe', 'Microsoft', 'Pohang University of Science and Technology', 'Carnegie Mellon University'}",1.0,1.0
HellaSwag,,[],[],,['Papers With Code'],['ACL'],[],"{'Rankable Table', 'Scatter Plot'}",{'1'},{'Papers With Code'},2.0,1.0
HellaSwag,,['Regular Table'],['2'],yes,['independent platform'],['ACL'],"['University of Washington', 'Allen Institute for AI']",{'Regular Table'},{'2'},"{'Allen Institute for AI', 'University of Washington'}",1.0,1.0
HELM Classic,Unknown,['Rankable Table'],['6'],yes,['independent platform'],['Annals of the New York Academy of Sciences'],['Stanford University'],{'Rankable Table'},{'6'},{'Stanford University'},1.0,1.0
HELM Instruct,,['Rankable Table'],['6'],yes,['independent platform'],['blog'],['Stanford University'],{'Rankable Table'},{'6'},{'Stanford University'},1.0,1.0
HELM Lite,,['Rankable Table'],['6'],yes,['independent platform'],['blog'],['Stanford University'],{'Rankable Table'},{'6'},{'Stanford University'},1.0,1.0
HELM MMLU,,['Rankable Table'],['6'],yes,['independent platform'],[],['Stanford University'],{'Rankable Table'},{'6'},{'Stanford University'},1.0,1.0
HHEM Leaderboard,,"['Regular Table', 'Rankable Table']",['4'],,"['GitHub', 'Hugging Face Spaces']",['blog'],['Vectara'],"{'Rankable Table', 'Regular Table'}",{'4'},{'Vectara'},2.0,1.0
HIV,,[],[],,['Papers With Code'],['S+SSPR'],[],"{'Rankable Table', 'Scatter Plot'}",{'1'},{'Papers With Code'},2.0,1.0
HMDB51,,[],[],,['Papers With Code'],['ICCV'],[],"{'Rankable Table', 'Scatter Plot'}",{'1'},{'Papers With Code'},2.0,1.0
HumanEval,,[],[],,['Papers With Code'],['report'],[],"{'Rankable Table', 'Scatter Plot'}",{'1'},{'Papers With Code'},2.0,1.0
HumanEval.jl,,['Regular Table'],['6'],,['GitHub'],[],['01.AI'],{'Regular Table'},{'6'},{'01.AI'},1.0,1.0
IFEval,,[],[],,['Papers With Code'],['report'],[],"{'Rankable Table', 'Scatter Plot'}",{'1'},{'Papers With Code'},2.0,1.0
ImageNet,,[],[],,['Papers With Code'],['CVPR'],[],"{'Rankable Table', 'Scatter Plot'}",{'1'},{'Papers With Code'},2.0,1.0
iNaturalist,,[],[],,['Papers With Code'],['CVPR'],[],"{'Rankable Table', 'Scatter Plot'}",{'1'},{'Papers With Code'},2.0,1.0
Indic LLM Leaderboard,,['Rankable Table'],['1'],,['Hugging Face Spaces'],[],['CognitiveLab'],{'Rankable Table'},{'1'},{'CognitiveLab'},1.0,1.0
InfiCoder-Eval,,['Rankable Table'],['6'],yes,['GitHub'],['report'],"['ByteDance', 'Peking University']",{'Rankable Table'},{'6'},"{'ByteDance', 'Peking University'}",1.0,1.0
InfiMM-Eval,,['Rankable Table'],['2'],yes,"['GitHub', 'Papers With Code']",['report'],"['ByteDance', 'Chinese Academy of Sciences', 'University of Texas Austin']","{'Rankable Table', 'Scatter Plot'}","{'2', '1'}","{'Chinese Academy of Sciences', 'ByteDance', 'University of Texas'}",2.0,2.0
InfographicVQA,,[],[],,['Papers With Code'],['WACV'],[],"{'Rankable Table', 'Scatter Plot'}",{'1'},{'Papers With Code'},2.0,1.0
InfoSeek,,[],[],,['Papers With Code'],['EMNLP'],[],"{'Rankable Table', 'Scatter Plot'}",{'1'},{'Papers With Code'},2.0,1.0
InstructEval,,"['Rankable Table', 'Regular Table']",['6'],yes,['GitHub'],['report'],"['Singapore University of Technology and Design', 'Alibaba Group DAMO Academy']","{'Rankable Table', 'Regular Table'}",{'6'},"{'Alibaba Group', 'Singapore University of Technology and Design'}",2.0,1.0
InterCode,2,['Regular Table'],['6'],,['GitHub'],['NeurIPS'],['Princeton University'],{'Regular Table'},{'6'},{'Princeton University'},1.0,1.0
IUPAC,,[],[],,['Papers With Code'],['white paper'],[],"{'Rankable Table', 'Scatter Plot'}",{'1'},{'Papers With Code'},2.0,1.0
iVQA,,[],[],,['Papers With Code'],['ICCV'],[],"{'Rankable Table', 'Scatter Plot'}",{'1'},{'Papers With Code'},2.0,1.0
Japanese Chatbot Arena Leaderboard,,['Rankable Table'],['8'],,['Hugging Face Spaces'],[],['Northern System Service'],{'Rankable Table'},{'8'},{'Northern System Service'},1.0,1.0
JFT-300M,,[],[],,['Papers With Code'],['ICCV'],[],"{'Rankable Table', 'Scatter Plot'}",{'1'},{'Papers With Code'},2.0,1.0
Julia LLM Leaderboard,,"['Regular Table', 'Bar Chart', 'Regular Table', 'Bar Chart']",['1'],,"['GitHub', 'independent platform']",[],['Independent Contributor'],"{'Bar Chart', 'Regular Table'}",{'1'},{'Independent Contributor'},2.0,1.0
JustEval,,['Rankable Table'],['6'],,['GitHub'],['report'],"['Allen Institute for AI', 'University of Washington']",{'Rankable Table'},{'6'},"{'Allen Institute for AI', 'University of Washington'}",1.0,1.0
KAgentBench,,['Regular Table'],['6'],,['GitHub'],['report'],"['Kuaishou', 'Harbin Institute of Technology']",{'Regular Table'},{'6'},"{'Harbin Institute of Technology', 'Kuaishou'}",1.0,1.0
Kinetics,,[],[],,['Papers With Code'],['report'],[],"{'Rankable Table', 'Scatter Plot'}",{'1'},{'Papers With Code'},2.0,1.0
Ko Chatbot Arena Leaderboard,,['Regular Table'],['5'],yes,['independent platform'],[],['Independent Contributor'],{'Regular Table'},{'5'},{'Independent Contributor'},1.0,1.0
KoLA,,['Regular Table'],['4'],,['independent platform'],['report'],['Tsinghua University'],{'Regular Table'},{'4'},{'Tsinghua University'},1.0,1.0
KQA Pro,,[],[],,['Papers With Code'],['ACL'],[],"{'Rankable Table', 'Scatter Plot'}",{'1'},{'Papers With Code'},2.0,1.0
L-Eval,,"['Rankable Table', 'Bar Chart']",['1'],,['GitHub'],['report'],"['Fudan University', 'University of Hong Kong', 'University of Illinois Urbana Champaign', 'Shanghai AI Laboratory']","{'Bar Chart', 'Rankable Table'}",{'1'},"{'University of Hong Kong', 'University of Illinois', 'Shanghai AI Laboratory', 'Fudan University'}",2.0,1.0
LAiW,,"['Rankable Table', 'Radar Chart', 'Regular Table', 'Bar Chart']",['6'],,"['GitHub', 'Hugging Face Spaces']",['report'],"['Sichuan University', 'ChanceFocus', 'Wuhan University', 'Southwest Petroleum University']","{'Bar Chart', 'Radar Chart', 'Rankable Table', 'Regular Table'}",{'6'},"{'Southwest Petroleum University', 'Sichuan University', 'Wuhan University', 'ChanceFocus'}",4.0,1.0
LAMBADA,,[],[],,['Papers With Code'],['ACL'],[],"{'Rankable Table', 'Scatter Plot'}",{'1'},{'Papers With Code'},2.0,1.0
LawBench,,"['Rankable Table', 'Bar Chart', 'Regular Table']",['6'],,"['GitHub', 'independent platform']",['report'],"['Nanjing University', 'Amazon Alexa AI Lab', 'Saarland University', 'Shanghai AI Laboratory']","{'Bar Chart', 'Rankable Table', 'Regular Table'}",{'6'},"{'Shanghai AI Laboratory', 'Nanjing University', 'Saarland University', 'Amazon'}",3.0,1.0
LibriSpeech,,[],[],,['Papers With Code'],['ICASSP'],[],"{'Rankable Table', 'Scatter Plot'}",{'1'},{'Papers With Code'},2.0,1.0
LiveCodeBench,,"['Rankable Table', 'Bar Chart']",['1'],yes,"['GitHub', 'Hugging Face Spaces']",['report'],"['University of California Berkeley', 'Cornell University', 'Massachusetts Institute of Technology']","{'Bar Chart', 'Rankable Table'}",{'1'},"{'Cornell University', 'Massachusetts Institute of Technology', 'University of California'}",2.0,1.0
LLaVA-Bench,,[],[],,['Papers With Code'],['NeurIPS'],[],"{'Rankable Table', 'Scatter Plot'}",{'1'},{'Papers With Code'},2.0,1.0
LLM Benchmarker Suite Leaderboard,,"['Regular Table', 'Rankable Table']",['6'],,"['GitHub', 'independent platform']",[],['TheoremOne'],"{'Rankable Table', 'Regular Table'}",{'6'},{'TheoremOne'},2.0,1.0
LLM Colosseum Leaderboard,,"['Regular Table', 'Rankable Table']",['1'],,"['GitHub', 'Hugging Face Spaces']",[],['Open GenerativeAI'],"{'Rankable Table', 'Regular Table'}",{'1'},{'Open GenerativeAI'},2.0,1.0
LLM Safety Leaderboard,,['Rankable Table'],['4'],yes,['Hugging Face Spaces'],['NeurIPS'],"['University of Illinois Urbana Champaign', 'Stanford University', 'University of California Berkeley', 'Center for AI Safety', 'Microsoft', 'Chinese University of Hong Kong']",{'Rankable Table'},{'4'},"{'University of California', 'University of Illinois', 'Stanford University', 'Microsoft', 'Center for AI Safety', 'Chinese University of Hong Kong'}",1.0,1.0
LLM-Leaderboard,,"['Regular Table', 'Rankable Table', 'Rankable Table']",['1'],yes,"['GitHub', 'Hugging Face Spaces', 'independent platform']",[],['Independent Contributor'],"{'Rankable Table', 'Regular Table'}",{'1'},{'Independent Contributor'},2.0,1.0
LLM-Perf Leaderboard,,"['Rankable Table', 'Scatter Plot']",['6'],yes,['Hugging Face Spaces'],[],['Hugging Face'],"{'Rankable Table', 'Scatter Plot'}",{'6'},{'Hugging Face'},2.0,1.0
LLMEval,,"['Regular Table', 'Regular Table', 'Bar Chart']",['2'],,"['GitHub', 'independent platform']",['AAAI'],"['Fudan University', 'Shanghai Jiaotong University']","{'Bar Chart', 'Regular Table'}",{'2'},"{'Shanghai Jiaotong University', 'Fudan University'}",2.0,1.0
LLMHallucination Leaderboard,,['Rankable Bar Chart'],['6'],,['Hugging Face Spaces'],[],['Independent Contributor'],{'Rankable Bar Chart'},{'6'},{'Independent Contributor'},1.0,1.0
LLMPerf,,"['Regular Table', 'Bar Chart']",['4'],,['GitHub'],[],['Anyscale'],"{'Bar Chart', 'Regular Table'}",{'4'},{'Anyscale'},2.0,1.0
LMExamQA,,['Bar Chart'],['6'],,['independent platform'],['NeurIPS'],"['Tsinghua University', 'Singapore Management University', 'University of California Los Angeles', 'Beijing University of Posts and Telecommunications']",{'Bar Chart'},{'6'},"{'Beijing University of Posts and Telecommunications', 'Singapore Management University', 'Tsinghua University', 'University of California'}",1.0,1.0
LMSYS Chatbot Arena Leaderboard,,"['Rankable Table', 'Scatter Plot', 'Bar Chart', 'Rankable Table', 'Scatter Plot', 'Bar Chart']","['4', '5']",yes,"['Hugging Face Spaces', 'independent platform']","['NeurIPS', 'blog']","['University of California Berkeley', 'University of California San Diego', 'Carnegie Mellon University', 'Stanford University', 'Mohamed bin Zayed University of AI']","{'Bar Chart', 'Rankable Table', 'Scatter Plot'}","{'5', '4'}","{'Mohamed bin Zayed University of AI', 'Carnegie Mellon University', 'Stanford University', 'University of California'}",3.0,2.0
LogicKor,,"['Rankable Table', 'Rankable Table']",['4'],,"['Hugging Face Spaces', 'independent platform']",[],['Independent Contributor'],{'Rankable Table'},{'4'},{'Independent Contributor'},1.0,1.0
LogiQA,,[],[],,['Papers With Code'],['IJCAI'],[],"{'Rankable Table', 'Scatter Plot'}",{'1'},{'Papers With Code'},2.0,1.0
LongBench,,['Regular Table'],['6'],,['GitHub'],['report'],"['Tsinghua University', 'Chinese Academy of Sciences']",{'Regular Table'},{'6'},"{'Chinese Academy of Sciences', 'Tsinghua University'}",1.0,1.0
LucyEval,,['Regular Table'],['2'],yes,['independent platform'],['report'],"['Besteasy', 'LanguageX AI Lab']",{'Regular Table'},{'2'},"{'LanguageX AI Lab', 'Besteasy'}",1.0,1.0
LVLM-eHub,,"['Rankable Table', 'Regular Table']","['1', '4', '5']",yes,['independent platform'],['report'],"['Shanghai AI Laboratory', 'University of Hong Kong', 'Peking University']","{'Rankable Table', 'Regular Table'}","{'5', '4', '1'}","{'Shanghai AI Laboratory', 'University of Hong Kong', 'Peking University'}",2.0,3.0
M3DBench,,['Rankable Table'],['6'],,['GitHub'],['report'],"['Fudan University', 'Tencent', 'Institute for Infocomm Research', 'A*STAR']",{'Rankable Table'},{'6'},"{'A*STAR', 'Tencent', 'Institute for Infocomm Research', 'Fudan University'}",1.0,1.0
M3KE,,['Regular Table'],['Unknown'],yes,['GitHub'],['report'],"['Tianjin University', ""Huawei Noah's Ark Lab""]",{'Regular Table'},{'Unknown'},"{'Tianjin University', 'Huawei'}",1.0,1.0
MATH,,[],[],,['Papers With Code'],['NeurIPS'],[],"{'Rankable Table', 'Scatter Plot'}",{'1'},{'Papers With Code'},2.0,1.0
MATH401,,['Table Screenshot'],['6'],,['GitHub'],['report'],"['Alibaba Group', 'Tsinghua University']",{'Table Screenshot'},{'6'},"{'Tsinghua University', 'Alibaba Group'}",1.0,1.0
MathBench,,['Regular Table'],['2'],yes,['GitHub'],['report'],"['Shanghai AI Laboratory', 'Chinese University of Hong Kong', 'Beihang University', 'Nanjing University']",{'Regular Table'},{'2'},"{'Shanghai AI Laboratory', 'Nanjing University', 'Chinese University of Hong Kong', 'Beihang University'}",1.0,1.0
MathQA,,[],[],,['Papers With Code'],['NAACL'],[],"{'Rankable Table', 'Scatter Plot'}",{'1'},{'Papers With Code'},2.0,1.0
MathVerse,,['Rankable Table'],['Unknown'],yes,['GitHub'],['report'],"['Chinese University of Hong Kong', 'Shanghai AI Laboratory', 'University of California Los Angeles']",{'Rankable Table'},{'Unknown'},"{'Shanghai AI Laboratory', 'Chinese University of Hong Kong', 'University of California'}",1.0,1.0
MathVista,,"['Bar Chart', 'Regular Table', 'Rankable Table']",['2'],yes,['GitHub'],['ICLR'],"['University of California Los Angeles', 'University of Washington', 'Microsoft']","{'Bar Chart', 'Rankable Table', 'Regular Table'}",{'2'},"{'Microsoft', 'University of California', 'University of Washington'}",3.0,1.0
MAWPS,,[],[],,['Papers With Code'],['NAACL'],[],"{'Rankable Table', 'Scatter Plot'}",{'1'},{'Papers With Code'},2.0,1.0
MBPP,,[],[],,['Papers With Code'],['report'],[],"{'Rankable Table', 'Scatter Plot'}",{'1'},{'Papers With Code'},2.0,1.0
MC-TACO,,[],[],,['Papers With Code'],['EMNLP'],[],"{'Rankable Table', 'Scatter Plot'}",{'1'},{'Papers With Code'},2.0,1.0
MC-TACO,,"['Rankable Table', 'Scatter Plot']",['2'],yes,['independent platform'],['EMNLP'],['Allen Institute for AI'],"{'Rankable Table', 'Scatter Plot'}",{'2'},{'Allen Institute for AI'},2.0,1.0
MedBench,,['Rankable Table'],['2'],,['independent platform'],['report'],"['East China Normal University', 'Shanghai AI Laboratory', 'Hasso Plattner Institute', 'University of Potsdam', 'Shanghai Jiao Tong University']",{'Rankable Table'},{'2'},"{'Shanghai AI Laboratory', 'Hasso Plattner Institute', 'East China Normal University', 'University of Potsdam', 'Shanghai Jiao Tong University'}",1.0,1.0
MedMCQA,,[],[],,['Papers With Code'],['report'],[],"{'Rankable Table', 'Scatter Plot'}",{'1'},{'Papers With Code'},2.0,1.0
MedQA,,[],[],,['Papers With Code'],['Applied Sciences'],[],"{'Rankable Table', 'Scatter Plot'}",{'1'},{'Papers With Code'},2.0,1.0
Mementos,,"['Table Screenshot', 'Regular Table']",['2'],yes,['GitHub'],['report'],"['University of Maryland College Park', 'University of North Carolina Chapel Hill']","{'Table Screenshot', 'Regular Table'}",{'2'},"{'University of North Carolina', 'University of Maryland'}",2.0,1.0
Meta Open LLM leaderboard,,['Bar Chart'],['1'],yes,['Hugging Face Spaces'],[],['Independent Contributor'],{'Bar Chart'},{'1'},{'Independent Contributor'},1.0,1.0
MGSM,,[],[],,['Papers With Code'],['ICLR'],[],"{'Rankable Table', 'Scatter Plot'}",{'1'},{'Papers With Code'},2.0,1.0
MGSM8KInstruct,,['Regular Table'],['6'],,['GitHub'],['report'],"['Hong Kong University of Science and Technology', 'Microsoft']",{'Regular Table'},{'6'},"{'Microsoft', 'Hong Kong University of Science and Technology'}",1.0,1.0
MINT,,"['Rankable Bar Chart', 'Line Chart', 'Rankable Table']",['2'],,['independent platform'],['report'],"['University of Illinois Urbana Champaign', 'Renmin University of China']","{'Rankable Bar Chart', 'Rankable Table', 'Line Chart'}",{'2'},"{'University of Illinois', 'Renmin University of China'}",3.0,1.0
MiT,,[],[],,['Papers With Code'],['PAMI'],[],"{'Rankable Table', 'Scatter Plot'}",{'1'},{'Papers With Code'},2.0,1.0
ML.ENERGY Leaderboard,,"['Rankable Table', 'Scatter Plot', 'Rankable Table', 'Scatter Plot']",['4'],yes,"['Hugging Face Spaces', 'independent platform']",['NSDI'],['University of Michigan'],"{'Rankable Table', 'Scatter Plot'}",{'4'},{'University of Michigan'},2.0,1.0
MLLM-Bench,,"['Regular Table', 'Regular Table']",['2'],,"['GitHub', 'independent platform']",['report'],"['Shenzhen Research Institute of Big Data', 'Chinese University of Hong Kong']",{'Regular Table'},{'2'},"{'Shenzhen Research Institute of Big Data', 'Chinese University of Hong Kong'}",1.0,1.0
MLS,,[],[],,['Papers With Code'],['Interspeech'],[],"{'Rankable Table', 'Scatter Plot'}",{'1'},{'Papers With Code'},2.0,1.0
MM-Vet,,[],[],,['Papers With Code'],['report'],[],"{'Rankable Table', 'Scatter Plot'}",{'1'},{'Papers With Code'},2.0,1.0
MMBench,,"['Rankable Table', 'Rankable Table']",['2'],yes,"['Hugging Face Spaces', 'independent platform']",['report'],"['Shanghai AI Laboratory', 'Nanyang Technological University', 'Chinese University of Hong Kong', 'National University of Singapore', 'Zhejiang University']",{'Rankable Table'},{'2'},"{'Nanyang Technological University', 'Shanghai AI Laboratory', 'Zhejiang University', 'Chinese University of Hong Kong', 'National University of Singapore'}",1.0,1.0
MMCU,,['Regular Table'],['6'],,['GitHub'],['report'],['Besteasy'],{'Regular Table'},{'6'},{'Besteasy'},1.0,1.0
MME,,['Regular Table'],['Unknown'],yes,['GitHub'],['report'],"['Tencent Youtu Lab', 'Xiamen University']",{'Regular Table'},{'Unknown'},"{'Tencent', 'Xiamen University'}",1.0,1.0
MMLU,,[],[],,['Papers With Code'],['ICLR'],[],"{'Rankable Table', 'Scatter Plot'}",{'1'},{'Papers With Code'},2.0,1.0
MMLU,,['Regular Table'],['1'],yes,['GitHub'],['ICLR'],"['University of California Berkeley', 'Columbia University', 'University of Chicago', 'University of Illinois Urbana Champaign']",{'Regular Table'},{'1'},"{'University of Chicago', 'University of Illinois', 'Columbia University', 'University of California'}",1.0,1.0
MMLU-by-task Leaderboard,,"['Rankable Table', 'Scatter Plot']",['6'],yes,['Hugging Face Spaces'],['blog'],"['Hugging Face', 'Independent Contributor']","{'Rankable Table', 'Scatter Plot'}",{'6'},"{'Independent Contributor', 'Hugging Face'}",2.0,1.0
MMMU,,"['Rankable Table', 'Regular Table', 'Bar Chart']",['2'],yes,['GitHub'],['report'],"['in.ai', 'University of Waterloo', 'Ohio State University', 'Carnegie Mellon University', 'University of Victoria', 'Princeton University', 'Independent Contributor']","{'Bar Chart', 'Rankable Table', 'Regular Table'}",{'2'},"{'Ohio State University', 'Princeton University', 'Independent Contributor', 'University of Victoria', 'University of Waterloo', 'in.ai', 'Carnegie Mellon University'}",3.0,1.0
MMStar,,['Rankable Table'],['1'],,['GitHub'],['report'],"['University of Science and Technology of China', 'Chinese University of Hong Kong', 'Shanghai AI Laboratory']",{'Rankable Table'},{'1'},"{'Shanghai AI Laboratory', 'University of Science and Technology of China', 'Chinese University of Hong Kong'}",1.0,1.0
MMVP,,['Bar Chart'],['6'],,['GitHub'],['ICCV'],"['New York University', 'University of California Berkeley']",{'Bar Chart'},{'6'},"{'New York University', 'University of California'}",1.0,1.0
MMVP-VLM,,['Table Screenshot'],['6'],,['GitHub'],['ICCV'],"['New York University', 'University of California Berkeley']",{'Table Screenshot'},{'6'},"{'New York University', 'University of California'}",1.0,1.0
MNLI,,[],[],,['Papers With Code'],['NAACL'],[],"{'Rankable Table', 'Scatter Plot'}",{'1'},{'Papers With Code'},2.0,1.0
MOCHA,,"['Rankable Table', 'Scatter Plot']",['2'],yes,['independent platform'],['EMNLP'],['Allen Institute for AI'],"{'Rankable Table', 'Scatter Plot'}",{'2'},{'Allen Institute for AI'},2.0,1.0
Models Leaderboard,,"['Rankable Table', 'Scatter Plot', 'Box Plot', 'Bar Chart', 'Line Chart']",['6'],yes,['independent platform'],[],['Artificial Analysis'],"{'Line Chart', 'Scatter Plot', 'Bar Chart', 'Box Plot', 'Rankable Table'}",{'6'},{'Artificial Analysis'},5.0,1.0
MoleculeNet,,[],[],,['Papers With Code'],['Chemical Science'],[],"{'Rankable Table', 'Scatter Plot'}",{'1'},{'Papers With Code'},2.0,1.0
MRPC,,[],[],,['Papers With Code'],['IJCNLP'],[],"{'Rankable Table', 'Scatter Plot'}",{'1'},{'Papers With Code'},2.0,1.0
MSCOCO,,[],[],,['Papers With Code'],['ECCV'],[],"{'Rankable Table', 'Scatter Plot'}",{'1'},{'Papers With Code'},2.0,1.0
MSRVTT,,[],[],,['Papers With Code'],['CVPR'],[],"{'Rankable Table', 'Scatter Plot'}",{'1'},{'Papers With Code'},2.0,1.0
MSRVTT-QA,,[],[],,['Papers With Code'],['ACM-MM'],[],"{'Rankable Table', 'Scatter Plot'}",{'1'},{'Papers With Code'},2.0,1.0
MSTEB,,['Rankable Table'],['6'],,['Hugging Face Spaces'],[],['Clibrain'],{'Rankable Table'},{'6'},{'Clibrain'},1.0,1.0
MSVAMP,,['Regular Table'],['6'],,['GitHub'],['report'],"['Hong Kong University of Science and Technology', 'Microsoft']",{'Regular Table'},{'6'},"{'Microsoft', 'Hong Kong University of Science and Technology'}",1.0,1.0
MSVD,,[],[],,['Papers With Code'],['ACL'],[],"{'Rankable Table', 'Scatter Plot'}",{'1'},{'Papers With Code'},2.0,1.0
MSVD-QA,,[],[],,['Papers With Code'],['ACM-MM'],[],"{'Rankable Table', 'Scatter Plot'}",{'1'},{'Papers With Code'},2.0,1.0
MTEB,,"['Rankable Table', 'Regular Table', 'Rankable Table']",['1'],yes,"['GitHub', 'Hugging Face Spaces', 'independent platform', 'Papers With Code']",['EACL'],"['Hugging Face', 'Cohere']","{'Scatter Plot', 'Rankable Table', 'Regular Table'}",{'1'},"{'Cohere', 'Hugging Face'}",3.0,1.0
MultiRC,,[],[],,['Papers With Code'],['NAACL'],[],"{'Rankable Table', 'Scatter Plot'}",{'1'},{'Papers With Code'},2.0,1.0
MusicCaps,,[],[],,['Papers With Code'],['report'],[],"{'Rankable Table', 'Scatter Plot'}",{'1'},{'Papers With Code'},2.0,1.0
MusicCaps,,[],[],,['Papers With Code'],['report'],[],"{'Rankable Table', 'Scatter Plot'}",{'1'},{'Papers With Code'},2.0,1.0
MusicQA,,[],[],,['Papers With Code'],['report'],[],"{'Rankable Table', 'Scatter Plot'}",{'1'},{'Papers With Code'},2.0,1.0
MVBench,,"['Rankable Table', 'Table Screenshot']",['1'],,"['GitHub', 'Hugging Face Spaces']",['report'],"['Chinese Academy of Sciences', 'University of Chinese Academy of Sciences', 'Shanghai AI Laboratory', 'University of Hong Kong', 'Fudan University', 'Nanjing University']","{'Table Screenshot', 'Rankable Table'}",{'1'},"{'University of Chinese Academy of Sciences', 'Shanghai AI Laboratory', 'Nanjing University', 'University of Hong Kong', 'Fudan University', 'Chinese Academy of Sciences'}",2.0,1.0
MY Malay LLM Leaderboard,,['Rankable Table'],['6'],yes,['Hugging Face Spaces'],[],['Mesolitica'],{'Rankable Table'},{'6'},{'Mesolitica'},1.0,1.0
MY Malaysian Embedding Leaderboard,,['Rankable Table'],['6'],yes,['Hugging Face Spaces'],[],['Mesolitica'],{'Rankable Table'},{'6'},{'Mesolitica'},1.0,1.0
MY Malaysian Speech-to-Text Leaderboard,,['Rankable Table'],['6'],,['Hugging Face Spaces'],[],['Mesolitica'],{'Rankable Table'},{'6'},{'Mesolitica'},1.0,1.0
Natural Instructions (v2),,"['Rankable Table', 'Scatter Plot']",['2'],yes,['independent platform'],['ACL'],['Allen Institute for AI'],"{'Rankable Table', 'Scatter Plot'}",{'2'},{'Allen Institute for AI'},2.0,1.0
NExT-QA,,[],[],,['Papers With Code'],['CVPR'],[],"{'Rankable Table', 'Scatter Plot'}",{'1'},{'Papers With Code'},2.0,1.0
Nexus Function Calling Leaderboard,,"['Rankable Table', 'Radar Chart']",['6'],,['Hugging Face Spaces'],['blog'],['Nexusflow'],"{'Radar Chart', 'Rankable Table'}",{'6'},{'Nexusflow'},2.0,1.0
NLVR,,[],[],,['Papers With Code'],['ACL'],[],"{'Rankable Table', 'Scatter Plot'}",{'1'},{'Papers With Code'},2.0,1.0
NoCaps,,[],[],,['Papers With Code'],['ICCV'],[],"{'Rankable Table', 'Scatter Plot'}",{'1'},{'Papers With Code'},2.0,1.0
NPHardEval,,"['Rankable Table', 'Regular Table']",['6'],yes,"['GitHub', 'Hugging Face Spaces']",['report'],"['University of Michigan Ann Arbor', 'Rutgers University']","{'Rankable Table', 'Regular Table'}",{'6'},"{'University of Michigan', 'Rutgers University'}",2.0,1.0
NPHardEval4V,,['Regular Table'],['6'],,['GitHub'],['report'],"['University of Michigan', 'Rutgers University', 'Shandong University', 'Microsoft Research Asia']",{'Regular Table'},{'6'},"{'Microsoft', 'University of Michigan', 'Shandong University', 'Rutgers University'}",1.0,1.0
NQ,,[],[],,['Papers With Code'],['TACL'],[],"{'Rankable Table', 'Scatter Plot'}",{'1'},{'Papers With Code'},2.0,1.0
OCRBench,,['Rankable Table'],['1'],yes,['Hugging Face Spaces'],['report'],"['Huazhong University of Science and Technology', 'Microsoft', 'University of Science and Technology Beijing', 'Chinese Academy of Sciences', 'South China University of Technology']",{'Rankable Table'},{'1'},"{'University of Science and Technology Beijing', 'South China University of Technology', 'Huazhong University of Science and Technology', 'Microsoft', 'Chinese Academy of Sciences'}",1.0,1.0
ODEX,,['Table Screenshot'],['6'],,['GitHub'],['EMNLP'],"['Carnegie Mellon University', 'Inspired Cognition']",{'Table Screenshot'},{'6'},"{'Carnegie Mellon University', 'Inspired Cognition'}",1.0,1.0
OK-VQA,,[],[],,['Papers With Code'],['CVPR'],[],"{'Rankable Table', 'Scatter Plot'}",{'1'},{'Papers With Code'},2.0,1.0
OmniBenchmark,,[],[],,['Papers With Code'],['ECCV'],[],"{'Rankable Table', 'Scatter Plot'}",{'1'},{'Papers With Code'},2.0,1.0
Open ASR Leaderboard,,['Rankable Table'],['4'],yes,['Hugging Face Spaces'],['report'],['Hugging Face'],{'Rankable Table'},{'4'},{'Hugging Face'},1.0,1.0
Open Dutch LLM Evaluation Leaderboard,,"['Rankable Table', 'Radar Chart', 'Bar Chart']",['6'],yes,['Hugging Face Spaces'],['report'],['Catholic University of Leuven'],"{'Bar Chart', 'Radar Chart', 'Rankable Table'}",{'6'},{'Catholic University of Leuven'},3.0,1.0
Open ITA LLM Leaderboard,,['Rankable Table'],['4'],,['Hugging Face Spaces'],[],['Independent Contributor'],{'Rankable Table'},{'4'},{'Independent Contributor'},1.0,1.0
Open Ko-LLM Leaderboard,,['Rankable Table'],['4'],yes,['Hugging Face Spaces'],[],['Upstage'],{'Rankable Table'},{'4'},{'Upstage'},1.0,1.0
Open LLM Leaderboard,,"['Rankable Table', 'Scatter Plot']",['4'],yes,['Hugging Face Spaces'],[],['Hugging Face'],"{'Rankable Table', 'Scatter Plot'}",{'4'},{'Hugging Face'},2.0,1.0
Open LLM Leaderboard (GPT),,['Rankable Table'],['4'],yes,['Hugging Face Spaces'],[],['Independent Contributor'],{'Rankable Table'},{'4'},{'Independent Contributor'},1.0,1.0
Open Medical-LLM Leaderboard,,['Rankable Table'],['4'],yes,['Hugging Face Spaces'],['Nature'],"['Google', 'National Library of Medicine', 'Google DeepMind']",{'Rankable Table'},{'4'},"{'National Library of Medicine', 'Google'}",1.0,1.0
Open MLLM Leaderboard,,['Rankable Table'],['6'],yes,['Hugging Face Spaces'],[],['Independent Contributor'],{'Rankable Table'},{'6'},{'Independent Contributor'},1.0,1.0
OPEN MOE LLM Leaderboard,,['Rankable Table'],['4'],yes,['Hugging Face Spaces'],[],['Independent Contributor'],{'Rankable Table'},{'4'},{'Independent Contributor'},1.0,1.0
Open Multilingual LLM Evaluation Leaderboard,,['Rankable Table'],['2'],yes,['Hugging Face Spaces'],[],['University of Oregon'],{'Rankable Table'},{'2'},{'University of Oregon'},1.0,1.0
Open Multilingual Reasoning Leaderboard,,"['Rankable Table', 'Regular Table']",['6'],yes,"['GitHub', 'Hugging Face Spaces']",['report'],['Nanjing University\n'],"{'Rankable Table', 'Regular Table'}",{'6'},{'Nanjing University\n'},2.0,1.0
Open Parti Prompts Leaderboard,,['Rankable Table'],['4'],yes,['Hugging Face Spaces'],[],['Hugging Face'],{'Rankable Table'},{'4'},{'Hugging Face'},1.0,1.0
Open PL LLM Leaderboard,,['Rankable Table'],['Unknown'],yes,['Hugging Face Spaces'],[],['SpeakLeash'],{'Rankable Table'},{'Unknown'},{'SpeakLeash'},1.0,1.0
Open PT LLM Leaderboard,,"['Rankable Table', 'Scatter Plot']",['4'],yes,['Hugging Face Spaces'],[],['Federal University of Gois'],"{'Rankable Table', 'Scatter Plot'}",{'4'},{'Federal University of Gois'},2.0,1.0
OpenbookQA,,[],[],,['Papers With Code'],['EMNLP'],[],"{'Rankable Table', 'Scatter Plot'}",{'1'},{'Papers With Code'},2.0,1.0
OpenbookQA,,"['Rankable Table', 'Scatter Plot']",['2'],yes,['independent platform'],['EMNLP'],['Allen Institute for AI'],"{'Rankable Table', 'Scatter Plot'}",{'2'},{'Allen Institute for AI'},2.0,1.0
OpenCompass Large Language Model Leaderboard (v2),,"['Rankable Table', 'Rankable Table']",['4'],yes,"['Hugging Face Spaces', 'independent platform']",[],"['Aliyun', 'East Money', 'Duxiaoman', 'Fudan University', 'Nanjing University', 'Nanyang Technological University', 'OPPO', 'Shanghai AI Laboratory', 'Tencent', 'TigerResearch', 'Chinese University of Hong Kong', 'Zhejiang University', 'Zhipu AI']",{'Rankable Table'},{'4'},"{'Nanyang Technological University', 'Tencent', 'Shanghai AI Laboratory', 'Nanjing University', 'East Money', 'OPPO', 'Zhejiang University', 'TigerResearch', 'Chinese University of Hong Kong', 'Fudan University', 'Duxiaoman', 'Alibaba Group', 'Zhipu AI'}",1.0,1.0
OpenCompass Multi-modal Leaderboard,,"['Rankable Table', 'Rankable Table']",['4'],yes,"['Hugging Face Spaces', 'independent platform']",[],"['Aliyun', 'East Money', 'Duxiaoman', 'Fudan University', 'Nanjing University', 'Nanyang Technological University', 'OPPO', 'Shanghai AI Laboratory', 'Tencent', 'TigerResearch', 'Chinese University of Hong Kong', 'Zhejiang University', 'Zhipu AI']",{'Rankable Table'},{'4'},"{'Nanyang Technological University', 'Tencent', 'Shanghai AI Laboratory', 'Nanjing University', 'East Money', 'OPPO', 'Zhejiang University', 'TigerResearch', 'Chinese University of Hong Kong', 'Fudan University', 'Duxiaoman', 'Alibaba Group', 'Zhipu AI'}",1.0,1.0
OpenEQA,,['Bar Chart'],['6'],,['GitHub'],"['report', 'blog']",['Meta'],{'Bar Chart'},{'6'},{'Meta'},1.0,1.0
OpenEval (code),,['Regular Table'],['6'],,['GitHub'],['report'],"['Nanjing University of Aeronautics and Astronautics', 'Nantong University', 'Monash University', 'Commonwealth Scientific and Industrial Research Organisation', 'University of London']",{'Regular Table'},{'6'},"{'Nanjing University of Aeronautics and Astronautics', 'Commonwealth Scientific and Industrial Research Organisation', 'Monash University', 'University of London', 'Nantong University'}",1.0,1.0
OpenEval (text),,['Rankable Table'],"['2', '4']",,['independent platform'],[],"['Tianjin University', 'Zhengzhou University', 'China Academy of Information and Communications Technology', 'China Software Test Center', 'University of Macau', 'Macau University of Science and Technology', 'Chinese University of Hong Kong', 'Shanghai Jiao Tong University']",{'Rankable Table'},"{'2', '4'}","{'Zhengzhou University', 'China Software Test Center', 'Tianjin University', 'University of Macau', 'Macau University of Science and Technology', 'Chinese University of Hong Kong', 'China Academy of Information and Communications Technology', 'Shanghai Jiao Tong University'}",1.0,2.0
OpenFinData,,['Regular Table'],['6'],,['GitHub'],[],"['Eastmoney', 'Shanghai AI Laboratory']",{'Regular Table'},{'6'},"{'Shanghai AI Laboratory', 'Eastmoney'}",1.0,1.0
OpenLLM Turkish leaderboard,,['Rankable Table'],['4'],yes,['Hugging Face Spaces'],[],['Independent Contributor'],{'Rankable Table'},{'4'},{'Independent Contributor'},1.0,1.0
OVEN,,[],[],,['Papers With Code'],['PLMR'],[],"{'Rankable Table', 'Scatter Plot'}",{'1'},{'Papers With Code'},2.0,1.0
PCA-Bench,,['Regular Table'],['2'],yes,['GitHub'],['report'],"['Peking University', 'Tencent']",{'Regular Table'},{'2'},"{'Tencent', 'Peking University'}",1.0,1.0
Pets37,,[],[],,['Papers With Code'],['CVPR'],[],"{'Rankable Table', 'Scatter Plot'}",{'1'},{'Papers With Code'},2.0,1.0
PIQA,,[],[],,['Papers With Code'],['AAAI'],[],"{'Rankable Table', 'Scatter Plot'}",{'1'},{'Papers With Code'},2.0,1.0
PIQA,,"['Rankable Table', 'Scatter Plot']",['2'],yes,['independent platform'],['AAAI'],['Allen Institute for AI'],"{'Rankable Table', 'Scatter Plot'}",{'2'},{'Allen Institute for AI'},2.0,1.0
PMC-VQA,,[],[],,['Papers With Code'],['report'],[],"{'Rankable Table', 'Scatter Plot'}",{'1'},{'Papers With Code'},2.0,1.0
PortraitMode-400,,['Table Screenshot'],['6'],,['independent platform'],['report'],"['Bytedance', 'ReLER Lab: Our Team | University of Technology Sydney', 'Commonwealth Scientific and Industrial Research Organisation', 'Mohamed Bin Zayed University of AI']",{'Table Screenshot'},{'6'},"{'ReLER Lab: Our Team | University of Technology Sydney', 'Bytedance', 'Commonwealth Scientific and Industrial Research Organisation', 'Mohamed Bin Zayed University of AI'}",1.0,1.0
Powered-by-Intel LLM Leaderboard,,['Rankable Table'],['4'],,['Hugging Face Spaces'],[],['Intel'],{'Rankable Table'},{'4'},{'Intel'},1.0,1.0
Program Synthesis Models Leaderboard,,['Regular Table'],['6'],yes,['independent platform'],[],['Accubits'],{'Regular Table'},{'6'},{'Accubits'},1.0,1.0
PromptBench,,['Regular Table'],['6'],,['GitHub'],['report'],"['Microsoft Research Asia', 'Chinese Academy of Sciences', 'University of Science and Technology of China', 'Carnegie Mellon University']",{'Regular Table'},{'6'},"{'Chinese Academy of Sciences', 'University of Science and Technology of China', 'Microsoft', 'Carnegie Mellon University'}",1.0,1.0
ProtoQA,,"['Rankable Table', 'Scatter Plot']",['2'],yes,['independent platform'],['EMNLP'],['Allen Institute for AI'],"{'Rankable Table', 'Scatter Plot'}",{'2'},{'Allen Institute for AI'},2.0,1.0
PubChemQA,,[],[],,['Papers With Code'],['report'],[],"{'Rankable Table', 'Scatter Plot'}",{'1'},{'Papers With Code'},2.0,1.0
PubMedQA,,[],[],,['Papers With Code'],['EMNLP'],[],"{'Rankable Table', 'Scatter Plot'}",{'1'},{'Papers With Code'},2.0,1.0
PubMedQA,,['Regular Table'],['2'],yes,['GitHub'],['EMNLP'],"['University of Pittsburgh', 'Carnegie Mellon University', 'Google']",{'Regular Table'},{'2'},"{'Google', 'University of Pittsburgh', 'Carnegie Mellon University'}",1.0,1.0
Q-Bench,,"['Rankable Table', 'Regular Table', 'Rankable Table']",['6'],,"['GitHub', 'Hugging Face Spaces']",['ICLR'],"['Nanyang Technological University', 'Shanghai Jiao Tong University', 'SenseTime']","{'Rankable Table', 'Regular Table'}",{'6'},"{'Nanyang Technological University', 'Shanghai Jiao Tong University', 'SenseTime'}",2.0,1.0
QASC,,"['Rankable Table', 'Scatter Plot']",['2'],yes,['independent platform'],['AAAI'],['Allen Institute for AI'],"{'Rankable Table', 'Scatter Plot'}",{'2'},{'Allen Institute for AI'},2.0,1.0
QNLI,,[],[],,['Papers With Code'],['EMNLP'],[],"{'Rankable Table', 'Scatter Plot'}",{'1'},{'Papers With Code'},2.0,1.0
QQP,,[],[],,['Papers With Code'],['Post'],[],"{'Rankable Table', 'Scatter Plot'}",{'1'},{'Papers With Code'},2.0,1.0
QuALITY,,['Regular Table'],['2'],yes,['GitHub'],['NAACL'],['New York University'],{'Regular Table'},{'2'},{'New York University'},1.0,1.0
RACE,,[],[],,['Papers With Code'],['EMNLP'],[],"{'Rankable Table', 'Scatter Plot'}",{'1'},{'Papers With Code'},2.0,1.0
RAFT,,[],[],,['Papers With Code'],['NeurIPS'],[],"{'Rankable Table', 'Scatter Plot'}",{'1'},{'Papers With Code'},2.0,1.0
RAFT,,['Regular Table'],['2'],,['Hugging Face Spaces'],['NeurIPS'],"['Ought', 'Hugging Face', 'Stiftung Neue Verantwortung', 'Nippon Telegraph and Telephone', 'University of Oxford', 'Alan Turing Institute', 'Harvard University', 'Australian Catholic University']",{'Regular Table'},{'2'},"{'Hugging Face', 'Australian Catholic University', 'Ought', 'Alan Turing Institute', 'University of Oxford', 'Nippon Telegraph and Telephone', 'Stiftung Neue Verantwortung', 'Harvard University'}",1.0,1.0
RareAct,,[],[],,['Papers With Code'],['report'],[],"{'Rankable Table', 'Scatter Plot'}",{'1'},{'Papers With Code'},2.0,1.0
ReCoRD,,[],[],,['Papers With Code'],['report'],[],"{'Rankable Table', 'Scatter Plot'}",{'1'},{'Papers With Code'},2.0,1.0
Red Teaming Resistance Benchmark,,"['Rankable Table', 'Rankable Table']",['4'],yes,"['Hugging Face Spaces', 'independent platform']",[],['Haize Labs'],{'Rankable Table'},{'4'},{'Haize Labs'},1.0,1.0
Red-Eval,,['Regular Table'],['6'],,['GitHub'],['report'],['Singapore University of Technology and Design'],{'Regular Table'},{'6'},{'Singapore University of Technology and Design'},1.0,1.0
RefCOCO,,[],[],,['Papers With Code'],['EMNLP'],[],"{'Rankable Table', 'Scatter Plot'}",{'1'},{'Papers With Code'},2.0,1.0
ReForm-Eval,,['Regular Table'],['1'],,['GitHub'],['report'],"['Fudan University', 'Northeastern University', 'Alibaba Group', 'Hong Kong University of Science and Technology']",{'Regular Table'},{'1'},"{'Northeastern University', 'Alibaba Group', 'Hong Kong University of Science and Technology', 'Fudan University'}",1.0,1.0
RewardBench,,['Rankable Table'],['6'],yes,['Hugging Face Spaces'],['report'],"['Allen Institute for AI', 'University of Washington', 'Harvard University']",{'Rankable Table'},{'6'},"{'Harvard University', 'Allen Institute for AI', 'University of Washington'}",1.0,1.0
Robust (2004),,[],[],,['Papers With Code'],['TREC'],[],"{'Rankable Table', 'Scatter Plot'}",{'1'},{'Papers With Code'},2.0,1.0
RoleEval,,['Regular Table'],['2'],,['GitHub'],['report'],"['Tianjin University', 'China Academy of Information and Communications Technology']",{'Regular Table'},{'2'},"{'Tianjin University', 'China Academy of Information and Communications Technology'}",1.0,1.0
RTE,,[],[],,['Papers With Code'],['TAC'],[],"{'Rankable Table', 'Scatter Plot'}",{'1'},{'Papers With Code'},2.0,1.0
Safety Prompts,,['Regular Table'],['2'],yes,['independent platform'],['report'],['Tsinghua University'],{'Regular Table'},{'2'},{'Tsinghua University'},1.0,1.0
SafetyBench,,"['Regular Table', 'Bar Chart']",['2'],yes,"['GitHub', 'independent platform']",['report'],"['Tsinghua University', 'Northwest Minzu University', 'Peking University', 'China Mobile']","{'Bar Chart', 'Regular Table'}",{'2'},"{'Northwest Minzu University', 'Tsinghua University', 'Peking University', 'China Mobile'}",2.0,1.0
SALAD-Bench,,"['Rankable Table', 'Regular Table']",['6'],yes,"['GitHub', 'Hugging Face Spaces']",['report'],"['Shanghai AI Laboratory', 'Harbin Institute of Technology', 'Beijing Institute of Technology', 'Chinese University of Hong Kong']","{'Rankable Table', 'Regular Table'}",{'6'},"{'Shanghai AI Laboratory', 'Beijing Institute of Technology', 'Harbin Institute of Technology', 'Chinese University of Hong Kong'}",2.0,1.0
ScandEval,,['Rankable Table'],['6'],,['independent platform'],['NoDaLiDa'],['Alexandra Institute'],{'Rankable Table'},{'6'},{'Alexandra Institute'},1.0,1.0
ScienceQA,,[],[],,['Papers With Code'],['NeurIPS'],[],"{'Rankable Table', 'Scatter Plot'}",{'1'},{'Papers With Code'},2.0,1.0
ScienceQA,,['Rankable Table'],['1'],yes,['GitHub'],['NeurIPS'],"['University of California Los Angeles', 'Arizona State University', 'Allen Institute for AI']",{'Rankable Table'},{'1'},"{'Arizona State University', 'Allen Institute for AI', 'University of California'}",1.0,1.0
SciGraphQA,,['Regular Table'],['6'],,['GitHub'],['report'],['Independent Contributor'],{'Regular Table'},{'6'},{'Independent Contributor'},1.0,1.0
SciQ,,[],[],,['Papers With Code'],['WNUT'],[],"{'Rankable Table', 'Scatter Plot'}",{'1'},{'Papers With Code'},2.0,1.0
SCROLLS,,[],[],,['Papers With Code'],['report'],[],"{'Rankable Table', 'Scatter Plot'}",{'1'},{'Papers With Code'},2.0,1.0
SCROLLS,,['Regular Table'],['2'],,['independent platform'],['EMNLP'],"['Tel Aviv University', 'International Business Machines', 'Meta']",{'Regular Table'},{'2'},"{'International Business Machines', 'Meta', 'Tel Aviv University'}",1.0,1.0
SeaEval,,['Rankable Table'],['2'],yes,['Hugging Face Spaces'],['report'],"['A*STAR I2R', 'CFAR A*STAR', 'Nanyang Technological University']",{'Rankable Table'},{'2'},"{'Nanyang Technological University', 'Agency for Science Technology and Research'}",1.0,1.0
SEED-Bench (v2),,['Rankable Table'],['2'],yes,['Hugging Face Spaces'],['report'],"['Tencent AI Lab', 'Tencent PCG ARC Lab', 'Chinese University of Hong Kong']",{'Rankable Table'},{'2'},"{'Tencent PCG ARC Lab', 'Tencent', 'Chinese University of Hong Kong'}",1.0,1.0
Sherlock,,"['Rankable Table', 'Scatter Plot']",['2'],yes,['independent platform'],['ECCV'],['Allen Institute for AI'],"{'Rankable Table', 'Scatter Plot'}",{'2'},{'Allen Institute for AI'},2.0,1.0
SICK,,[],[],,['Papers With Code'],['LREC'],[],"{'Rankable Table', 'Scatter Plot'}",{'1'},{'Papers With Code'},2.0,1.0
SIDER,,[],[],,['Papers With Code'],['Nucleic Acids Research'],[],"{'Rankable Table', 'Scatter Plot'}",{'1'},{'Papers With Code'},2.0,1.0
SIQA,,[],[],,['Papers With Code'],"['EMNLP', 'IJCNLP']",[],"{'Rankable Table', 'Scatter Plot'}",{'1'},{'Papers With Code'},2.0,1.0
SIQA,,"['Rankable Table', 'Scatter Plot']",['2'],yes,['independent platform'],"['EMNLP', 'IJCNLP']",['Allen Institute for AI'],"{'Rankable Table', 'Scatter Plot'}",{'2'},{'Allen Institute for AI'},2.0,1.0
Something-Something (v2),,[],[],,['Papers With Code'],['ICCV'],[],"{'Rankable Table', 'Scatter Plot'}",{'1'},{'Papers With Code'},2.0,1.0
Somos NLP Likes Leaderboard (Models),,['Rankable Table'],['3'],yes,['Hugging Face Spaces'],[],['Somos NLP'],{'Rankable Table'},{'3'},{'Somos NLP'},1.0,1.0
SPGISpeech,,[],[],,['Papers With Code'],['INTERSPEECH'],[],"{'Rankable Table', 'Scatter Plot'}",{'1'},{'Papers With Code'},2.0,1.0
Spider,,[],[],,['Papers With Code'],['EMNLP'],[],"{'Rankable Table', 'Scatter Plot'}",{'1'},{'Papers With Code'},2.0,1.0
Spider,,['Regular Table'],['2'],yes,['GitHub'],['EMNLP'],['Yale University'],{'Regular Table'},{'2'},{'Yale University'},1.0,1.0
SQuAD,,[],[],,['Papers With Code'],['EMNLP'],[],"{'Rankable Table', 'Scatter Plot'}",{'1'},{'Papers With Code'},2.0,1.0
SST,,[],[],,['Papers With Code'],['EMNLP'],[],"{'Rankable Table', 'Scatter Plot'}",{'1'},{'Papers With Code'},2.0,1.0
STAR,,[],[],,['Papers With Code'],['NeurIPS'],[],"{'Rankable Table', 'Scatter Plot'}",{'1'},{'Papers With Code'},2.0,1.0
StereoSet,,[],[],,['Papers With Code'],"['ACL', 'IJCNLP']",[],"{'Rankable Table', 'Scatter Plot'}",{'1'},{'Papers With Code'},2.0,1.0
StoryCloze,,[],[],,['Papers With Code'],['NAACL'],[],"{'Rankable Table', 'Scatter Plot'}",{'1'},{'Papers With Code'},2.0,1.0
StrategyQA,,[],[],,['Papers With Code'],['TACL'],[],"{'Rankable Table', 'Scatter Plot'}",{'1'},{'Papers With Code'},2.0,1.0
StrategyQA,,"['Rankable Table', 'Scatter Plot']",['2'],yes,['independent platform'],['TACL'],['Allen Institute for AI'],"{'Rankable Table', 'Scatter Plot'}",{'2'},{'Allen Institute for AI'},2.0,1.0
STS-B,,[],[],,['Papers With Code'],['EMNLP'],[],"{'Rankable Table', 'Scatter Plot'}",{'1'},{'Papers With Code'},2.0,1.0
Subquadratic LLM Leaderboard,,['Rankable Table'],['4'],yes,['Hugging Face Spaces'],[],['Independent Contributor'],{'Rankable Table'},{'4'},{'Independent Contributor'},1.0,1.0
SummEdits,,['Regular Table'],['6'],,['GitHub'],['report'],['Salesforce'],{'Regular Table'},{'6'},{'Salesforce'},1.0,1.0
SuperBench,,['Regular Table'],['4'],,['independent platform'],[],['Tsinghua University'],{'Regular Table'},{'4'},{'Tsinghua University'},1.0,1.0
SuperCLUE,,"['Rankable Table', 'Regular Table']",['4'],,"['GitHub', 'independent platform']","['report', 'blog']","['SuperCLUE', 'Westlake University']","{'Rankable Table', 'Regular Table'}",{'4'},"{'SuperCLUE', 'Westlake University'}",2.0,1.0
SuperCLUE-Agent,,"['Rankable Table', 'Regular Table', 'Bar Chart']",['4'],,"['GitHub', 'independent platform']",['blog'],['SuperCLUE'],"{'Bar Chart', 'Rankable Table', 'Regular Table'}",{'4'},{'SuperCLUE'},3.0,1.0
SuperCLUE-Auto,,"['Rankable Table', 'Regular Table']",['4'],,"['GitHub', 'independent platform']",['blog'],['SuperCLUE'],"{'Rankable Table', 'Regular Table'}",{'4'},{'SuperCLUE'},2.0,1.0
SuperCLUE-Code3,,"['Rankable Table', 'Regular Table']",['4'],,"['GitHub', 'independent platform']",['blog'],['SuperCLUE'],"{'Rankable Table', 'Regular Table'}",{'4'},{'SuperCLUE'},2.0,1.0
SuperCLUE-Industry,,"['Rankable Table', 'Regular Table', 'Bar Chart']",['4'],,"['GitHub', 'independent platform']",['blog'],['SuperCLUE'],"{'Bar Chart', 'Rankable Table', 'Regular Table'}",{'4'},{'SuperCLUE'},3.0,1.0
SuperCLUE-Math6,,"['Rankable Table', 'Regular Table']",['4'],,"['GitHub', 'independent platform']","['report', 'blog']",['SuperCLUE'],"{'Rankable Table', 'Regular Table'}",{'4'},{'SuperCLUE'},2.0,1.0
SuperCLUE-Open,,"['Rankable Table', 'Regular Table']",['4'],,"['GitHub', 'independent platform']",['blog'],"['SuperCLUE', 'Westlake University']","{'Rankable Table', 'Regular Table'}",{'4'},"{'SuperCLUE', 'Westlake University'}",2.0,1.0
SuperCLUE-RAG,,['Rankable Table'],['4'],,['independent platform'],['blog'],['SuperCLUE'],{'Rankable Table'},{'4'},{'SuperCLUE'},1.0,1.0
SuperCLUE-Role,,"['Rankable Table', 'Table Screenshot']",['4'],,"['GitHub', 'independent platform']",['blog'],['SuperCLUE'],"{'Table Screenshot', 'Rankable Table'}",{'4'},{'SuperCLUE'},2.0,1.0
SuperCLUE-Safety,,"['Rankable Table', 'Regular Table']",['4'],,"['GitHub', 'independent platform']","['report', 'blog']",['SuperCLUE'],"{'Rankable Table', 'Regular Table'}",{'4'},{'SuperCLUE'},2.0,1.0
SuperCLUEgkzw,,['Regular Table'],['4'],,['GitHub'],[],['SuperCLUE'],{'Regular Table'},{'4'},{'SuperCLUE'},1.0,1.0
SuperCLUElyb,,['Table Screenshot'],['4'],,['GitHub'],[],"['SuperCLUE', 'Westlake University']",{'Table Screenshot'},{'4'},"{'SuperCLUE', 'Westlake University'}",1.0,1.0
SuperGLUE,,['Regular Table'],['2'],yes,['independent platform'],['NeurIPS'],"['New York University', 'Meta', 'University of Washington', 'Google DeepMind']",{'Regular Table'},{'2'},"{'Meta', 'New York University', 'Google', 'University of Washington'}",1.0,1.0
SuperLim (v2),,['Rankable Table'],['1'],,['independent platform'],['EMNLP'],"['University of Gothenburg', 'National Library of Sweden', 'Embark Studios', 'AI Sweden', 'iguanodon.ai']",{'Rankable Table'},{'1'},"{'AI Sweden', 'iguanodon.ai', 'Embark Studios', 'National Library of Sweden', 'University of Gothenburg'}",1.0,1.0
SVAMP,,[],[],,['Papers With Code'],['NAACL'],[],"{'Rankable Table', 'Scatter Plot'}",{'1'},{'Papers With Code'},2.0,1.0
SWE-bench,,[],[],,['Papers With Code'],['report'],[],"{'Rankable Table', 'Scatter Plot'}",{'1'},{'Papers With Code'},2.0,1.0
SWE-bench,,['Regular Table'],['2'],,['independent platform'],['ICLR'],"['Princeton University', 'University of Chicago']",{'Regular Table'},{'2'},"{'Princeton University', 'University of Chicago'}",1.0,1.0
T-Eval,,"['Regular Table', 'Table Screenshot', 'Scatter Plot']",['2'],yes,['GitHub'],['report'],"['University of Science and Technology of China', 'Shanghai AI Laboratory', 'Tsinghua University', 'Jilin University']","{'Scatter Plot', 'Table Screenshot', 'Regular Table'}",{'2'},"{'Shanghai AI Laboratory', 'University of Science and Technology of China', 'Tsinghua University', 'Jilin University'}",3.0,1.0
TabMWP,,"['Rankable Table', 'Regular Table']",['1'],yes,['GitHub'],['ICLR'],"['University of California Los Angeles', 'Georgia Institute of Technology', 'Allen Institute for AI']","{'Rankable Table', 'Regular Table'}",{'1'},"{'Georgia Institute of Technology', 'Allen Institute for AI', 'University of California'}",2.0,1.0
TACRED,,[],[],,['Papers With Code'],['EMNLP'],[],"{'Rankable Table', 'Scatter Plot'}",{'1'},{'Papers With Code'},2.0,1.0
TAT-DQA,,['Regular Table'],['2'],,['GitHub'],['ACM-MM'],"['National University of Singapore', '6Estates', 'Sichuan University', 'University of Science and Technology of China']",{'Regular Table'},{'2'},"{'Sichuan University', 'University of Science and Technology of China', 'National University of Singapore', '6Estates'}",1.0,1.0
TAT-QA,,['Regular Table'],['2'],,['GitHub'],['ACL'],"['National University of Singapore', '6Estates', 'Sichuan University', 'Bloomberg']",{'Regular Table'},{'2'},"{'Sichuan University', 'National University of Singapore', '6Estates', 'Bloomberg'}",1.0,1.0
TED-LIUM,,[],[],,['Papers With Code'],['LREC'],[],"{'Rankable Table', 'Scatter Plot'}",{'1'},{'Papers With Code'},2.0,1.0
TextSynth Server,,['Regular Table'],['6'],yes,['independent platform'],[],['Independent Contributor'],{'Regular Table'},{'6'},{'Independent Contributor'},1.0,1.0
TextVQA,,[],[],,['Papers With Code'],['CVPR'],"['Meta', 'Georgia Institute of Technology']","{'Rankable Table', 'Scatter Plot'}",{'1'},"{'Papers With Code', 'Meta', 'Georgia Institute of Technology'}",2.0,1.0
TGIF-QA,,[],[],,['Papers With Code'],['IJCV'],[],"{'Rankable Table', 'Scatter Plot'}",{'1'},{'Papers With Code'},2.0,1.0
The Pile,,[],[],,['Papers With Code'],['report'],[],"{'Rankable Table', 'Scatter Plot'}",{'1'},{'Papers With Code'},2.0,1.0
The Pile,,['Regular Table'],['Unknown'],,['independent platform'],['report'],['EleutherAI'],{'Regular Table'},{'Unknown'},{'EleutherAI'},1.0,1.0
TheoremQA,,['Regular Table'],['6'],,"['GitHub', 'Papers With Code']",['EMNLP'],"['University of Waterloo', 'UC Santa Barbara', 'University of California Los Angeles']","{'Scatter Plot', 'Rankable Table', 'Regular Table'}","{'6', '1'}","{'University of Waterloo', 'University of California', 'UC Santa Barbara'}",3.0,2.0
Toloka LLM Leaderboard,,"['Rankable Table', 'Rankable Table']",['4'],,"['Hugging Face Spaces', 'independent platform']",[],['Toloka'],{'Rankable Table'},{'4'},{'Toloka'},1.0,1.0
Toolbench,,['Rankable Table'],['6'],yes,['Hugging Face Spaces'],['report'],['SambaNova Systems'],{'Rankable Table'},{'6'},{'SambaNova Systems'},1.0,1.0
TouchStone,,"['Table Screenshot', 'Regular Table']",['6'],,['GitHub'],['report'],"['Alibaba Group', 'Huazhong University of Science and Technology', 'Tsinghua University']","{'Table Screenshot', 'Regular Table'}",{'6'},"{'Tsinghua University', 'Alibaba Group', 'Huazhong University of Science and Technology'}",2.0,1.0
Tox21,,[],[],,['Papers With Code'],['Frontiers in Environmental Science'],[],"{'Rankable Table', 'Scatter Plot'}",{'1'},{'Papers With Code'},2.0,1.0
Toxicity Leaderboard,,['Rankable Table'],['4'],yes,['Hugging Face Spaces'],[],['Hugging Face'],{'Rankable Table'},{'4'},{'Hugging Face'},1.0,1.0
TravelPlanner,,"['Rankable Table', 'Table Screenshot', 'Pie Chart']",['2'],,"['GitHub', 'Hugging Face Spaces']",['report'],"['Fudan University', 'Ohio State University', 'Pennsylvania State University', 'Meta']","{'Pie Chart', 'Table Screenshot', 'Rankable Table'}",{'2'},"{'Ohio State University', 'Meta', 'Pennsylvania State University', 'Fudan University'}",3.0,1.0
TREC-COVID,,[],[],,['Papers With Code'],['ACM SIGIR Forum'],[],"{'Rankable Table', 'Scatter Plot'}",{'1'},{'Papers With Code'},2.0,1.0
TriviaQA,,[],[],,['Papers With Code'],['ACL'],[],"{'Rankable Table', 'Scatter Plot'}",{'1'},{'Papers With Code'},2.0,1.0
TrustLLM,,['Rankable Table'],['2'],,['GitHub'],['report'],"['Lehigh University', 'Illinois Institute of Technology', 'Institut Polytechnique de Paris', 'College of William & Mary', 'Texas A&M University', 'University of Georgia', 'Samsung Research America', 'Stanford University', 'Lawrence Livermore National Laboratory', 'Salesforce', 'University of Wisconsin Madison', 'Microsoft', 'Carnegie Mellon University', 'University of Maryland', 'University of California Berkeley', 'University of Illinois Urbana Champaign', 'University of North Carolina Chapel Hill', 'Massachusetts Institute of Technology', 'Harvard University', 'University of Notre Dame', 'Duke University', 'University of Tennessee Knoxville', 'University of Southern California', 'Michigan State University', 'Microsoft Research Asia', 'Drexel University', 'University of California Los Angeles', 'Virginia Polytechnic Institute and State University', 'Cyber Intelligence Sharing and Protection Act', 'University of Illinois Chicago', 'International Business Machines', 'Yale University', 'Columbia University', 'University of California Santa Barbara', 'Massachusetts General Hospital', 'Northwestern University', 'Florida International University', 'Johns Hopkins University', 'University of Pennsylvania', 'Mohamed bin Zayed University of AI']",{'Rankable Table'},{'2'},"{'Florida International University', 'Lawrence Livermore National Laboratory', 'Microsoft', 'Mohamed bin Zayed University of AI', 'Lehigh University', 'Samsung Research America', 'Duke University', 'University of California', 'University of Southern California', 'University of Illinois', 'University of Maryland', 'Columbia University', 'Stanford University', 'Northwestern University', 'University of Georgia', 'Cyber Intelligence Sharing and Protection Act', 'Massachusetts General Hospital', 'Drexel University', 'Johns Hopkins University', 'University of Pennsylvania', 'University of Tennessee', 'Michigan State University', 'University of Notre Dame', 'Carnegie Mellon University', 'Institut Polytechnique de Paris', 'Virginia Polytechnic Institute and State University', 'Texas A&M University', 'University of Wisconsin', 'Illinois Institute of Technology', 'College of William & Mary', 'University of North Carolina', 'Salesforce', 'Yale University', 'International Business Machines', 'Harvard University', 'Massachusetts Institute of Technology'}",1.0,1.0
TruthfulQA,,[],[],,['Papers With Code'],['ACL'],[],"{'Rankable Table', 'Scatter Plot'}",{'1'},{'Papers With Code'},2.0,1.0
TruthfulQA,,['Regular Table'],['6'],,['GitHub'],['ACL'],"['University of Oxford', 'OpenAI']",{'Regular Table'},{'6'},"{'OpenAI', 'University of Oxford'}",1.0,1.0
tStoryCloze,,['Regular Table'],['6'],,['GitHub'],['NeurIPS'],"['Meta FAIR', 'OpenAI', 'Hebrew University of Jerusalem']",{'Regular Table'},{'6'},"{'Meta', 'Hebrew University of Jerusalem', 'OpenAI'}",1.0,1.0
TTS Arena,,['Rankable Table'],['5'],,['Hugging Face Spaces'],[],['Independent Contributor'],{'Rankable Table'},{'5'},{'Independent Contributor'},1.0,1.0
TVQA,,[],[],,['Papers With Code'],['EMNLP'],[],"{'Rankable Table', 'Scatter Plot'}",{'1'},{'Papers With Code'},2.0,1.0
TyDiQA,,[],[],,['Papers With Code'],['TACL'],[],"{'Rankable Table', 'Scatter Plot'}",{'1'},{'Papers With Code'},2.0,1.0
UCF101,,[],[],,['Papers With Code'],['report'],[],"{'Rankable Table', 'Scatter Plot'}",{'1'},{'Papers With Code'},2.0,1.0
UGI Leaderboard,,['Rankable Table'],['Unknown'],yes,['Hugging Face Spaces'],[],['Independent Contributor'],{'Rankable Table'},{'Unknown'},{'Independent Contributor'},1.0,1.0
UHGEval,,['Table Screenshot'],['6'],,['GitHub'],['report'],"['Renmin University of China', 'Institute for Advanced Algorithms Research', 'Xinhua']",{'Table Screenshot'},{'6'},"{'Institute for Advanced Algorithms Research', 'Xinhua', 'Renmin University of China'}",1.0,1.0
UniProtQA,,[],[],,['Papers With Code'],['report'],[],"{'Rankable Table', 'Scatter Plot'}",{'1'},{'Papers With Code'},2.0,1.0
URIAL Bench,,['Rankable Table'],['6'],yes,['Hugging Face Spaces'],['report'],"['Allen Institute for AI', 'University of Washington']",{'Rankable Table'},{'6'},"{'Allen Institute for AI', 'University of Washington'}",1.0,1.0
VATEX,,[],[],,['Papers With Code'],['ICCV'],[],"{'Rankable Table', 'Scatter Plot'}",{'1'},{'Papers With Code'},2.0,1.0
VBench,,"['Rankable Table', 'Regular Table', 'Rankable Table']",['2'],yes,"['GitHub', 'Hugging Face Spaces']",['report'],"['Nanyang Technological University', 'Shanghai AI Laboratory', 'Chinese University of Hong Kong', 'Nanjing University']","{'Rankable Table', 'Regular Table'}",{'2'},"{'Nanyang Technological University', 'Nanjing University', 'Shanghai AI Laboratory', 'Chinese University of Hong Kong'}",2.0,1.0
VCR,,[],[],,['Papers With Code'],['CVPR'],[],"{'Rankable Table', 'Scatter Plot'}",{'1'},{'Papers With Code'},2.0,1.0
VeRi-776,,[],[],,['Papers With Code'],['ECCV'],[],"{'Rankable Table', 'Scatter Plot'}",{'1'},{'Papers With Code'},2.0,1.0
VeRi-Wild,,[],[],,['Papers With Code'],['CVPR'],[],"{'Rankable Table', 'Scatter Plot'}",{'1'},{'Papers With Code'},2.0,1.0
VGG-Sound,,[],[],,['Papers With Code'],['ICASSP'],[],"{'Rankable Table', 'Scatter Plot'}",{'1'},{'Papers With Code'},2.0,1.0
Vibe-Eval,,['Regular Table'],['4'],,['GitHub'],"['report', 'blog']",['Reka'],{'Regular Table'},{'4'},{'Reka'},1.0,1.0
Video-Bench,,['Rankable Table'],['2'],,['Hugging Face Spaces'],['report'],"['Peking University', 'Peng Cheng Laboratory', 'Microsoft', 'FarReel AI Lab']",{'Rankable Table'},{'2'},"{'FarReel AI Lab', 'Microsoft', 'Peng Cheng Laboratory', 'Peking University'}",1.0,1.0
VideoInstruct,,[],[],,['Papers With Code'],['report'],[],"{'Rankable Table', 'Scatter Plot'}",{'1'},{'Papers With Code'},2.0,1.0
ViP-Bench,,[],[],,['Papers With Code'],['report'],[],"{'Rankable Table', 'Scatter Plot'}",{'1'},{'Papers With Code'},2.0,1.0
ViP-Bench,,['Table Screenshot'],['6'],,['GitHub'],['CVPR'],"['University of Wisconsin Madison', 'Cruise']",{'Table Screenshot'},{'6'},"{'Cruise', 'University of Wisconsin'}",1.0,1.0
VisDial,,[],[],,['Papers With Code'],['CVPR'],[],"{'Rankable Table', 'Scatter Plot'}",{'1'},{'Papers With Code'},2.0,1.0
VisIT-Bench,,"['Rankable Table', 'Rankable Table']",['2'],,"['GitHub', 'Hugging Face Spaces']",['NeurIPS'],"['Hebrew University of Jerusalem', 'Google', 'University of California Los Angeles', 'Allen Institute for AI', 'University of Washington', 'UC Santa Barbara', 'Stanford University', 'Large-scale AI Open Network']",{'Rankable Table'},{'2'},"{'University of California', 'University of Washington', 'UC Santa Barbara', 'Large-scale AI Open Network', 'Allen Institute for AI', 'Google', 'Stanford University', 'Hebrew University of Jerusalem'}",1.0,1.0
VisualWebArena,,['Regular Table'],['6'],,['independent platform'],['report'],['Carnegie Mellon University'],{'Regular Table'},{'6'},{'Carnegie Mellon University'},1.0,1.0
VizWiz,,[],[],,['Papers With Code'],['CVPR'],[],"{'Rankable Table', 'Scatter Plot'}",{'1'},{'Papers With Code'},2.0,1.0
VLLMs Leaderboard,,['Rankable Table'],['6'],,['Hugging Face Spaces'],[],['VLSP'],{'Rankable Table'},{'6'},{'VLSP'},1.0,1.0
VLM-Eval,,['Regular Table'],['2'],yes,['GitHub'],['report'],"['Megvii', 'Shanghai Jiao Tong University']",{'Regular Table'},{'2'},"{'Megvii', 'Shanghai Jiao Tong University'}",1.0,1.0
VNHSGE,,[],[],,['Papers With Code'],['report'],[],"{'Rankable Table', 'Scatter Plot'}",{'1'},{'Papers With Code'},2.0,1.0
VoxPopuli,,[],[],,['Papers With Code'],['ACL'],[],"{'Rankable Table', 'Scatter Plot'}",{'1'},{'Papers With Code'},2.0,1.0
VQA (v2),,[],[],,['Papers With Code'],['CVPR'],[],"{'Rankable Table', 'Scatter Plot'}",{'1'},{'Papers With Code'},2.0,1.0
WebQuestions,,[],[],,['Papers With Code'],['EMNLP'],[],"{'Rankable Table', 'Scatter Plot'}",{'1'},{'Papers With Code'},2.0,1.0
WebQuestionsSP,,[],[],,['Papers With Code'],['ACL'],[],"{'Rankable Table', 'Scatter Plot'}",{'1'},{'Papers With Code'},2.0,1.0
WebVid,,[],[],,['Papers With Code'],['ICCV'],[],"{'Rankable Table', 'Scatter Plot'}",{'1'},{'Papers With Code'},2.0,1.0
WenetSpeech,,[],[],,['Papers With Code'],['ICASSP'],[],"{'Rankable Table', 'Scatter Plot'}",{'1'},{'Papers With Code'},2.0,1.0
WHOOPS!,,[],[],,['Papers With Code'],['ICCV'],[],"{'Rankable Table', 'Scatter Plot'}",{'1'},{'Papers With Code'},2.0,1.0
WHOOPS!,,['Rankable Table'],['2'],,['Hugging Face Spaces'],['ICCV'],"['Hebrew University of Jerusalem', 'Ben-Gurion University of the Negev', 'Allen Institute for AI', 'University of Washington']",{'Rankable Table'},{'2'},"{'Allen Institute for AI', 'Hebrew University of Jerusalem', 'Ben-Gurion University of the Negev', 'University of Washington'}",1.0,1.0
WiC,,[],[],,['Papers With Code'],['NAACL'],[],"{'Rankable Table', 'Scatter Plot'}",{'1'},{'Papers With Code'},2.0,1.0
WikiEvents,,[],[],,['Papers With Code'],['AAAI'],[],"{'Rankable Table', 'Scatter Plot'}",{'1'},{'Papers With Code'},2.0,1.0
WikiText-103,,[],[],,['Papers With Code'],['ICLR'],[],"{'Rankable Table', 'Scatter Plot'}",{'1'},{'Papers With Code'},2.0,1.0
WikiText-2,,[],[],,['Papers With Code'],['ICLR'],[],"{'Rankable Table', 'Scatter Plot'}",{'1'},{'Papers With Code'},2.0,1.0
WildBench,,['Rankable Table'],"['6', '8']",yes,['Hugging Face Spaces'],[],['Allen Institute for AI'],{'Rankable Table'},"{'6', '8'}",{'Allen Institute for AI'},1.0,2.0
WildVision Arena Leaderboard,,['Rankable Table'],['8'],yes,['Hugging Face Spaces'],[],"['Allen Institute for AI', 'University of California Santa Barbara', 'University of Waterloo']",{'Rankable Table'},{'8'},"{'University of Waterloo', 'Allen Institute for AI', 'University of California'}",1.0,1.0
WinoGrande,,[],[],,['Papers With Code'],['AAAI'],[],"{'Rankable Table', 'Scatter Plot'}",{'1'},{'Papers With Code'},2.0,1.0
WinoGrande,,"['Rankable Table', 'Scatter Plot']",['2'],yes,['independent platform'],['AAAI'],['Allen Institute for AI'],"{'Rankable Table', 'Scatter Plot'}",{'2'},{'Allen Institute for AI'},2.0,1.0
Winoground,,[],[],,['Papers With Code'],['CVPR'],[],"{'Rankable Table', 'Scatter Plot'}",{'1'},{'Papers With Code'},2.0,1.0
WMT (2014),,[],[],,['Papers With Code'],['WMT'],[],"{'Rankable Table', 'Scatter Plot'}",{'1'},{'Papers With Code'},2.0,1.0
WNLI,,[],[],,['Papers With Code'],['EMNLP'],[],"{'Rankable Table', 'Scatter Plot'}",{'1'},{'Papers With Code'},2.0,1.0
WQSP,,[],[],,['Papers With Code'],['ACL'],[],"{'Rankable Table', 'Scatter Plot'}",{'1'},{'Papers With Code'},2.0,1.0
WSC,,[],[],,['Papers With Code'],['AI Magazine'],[],"{'Rankable Table', 'Scatter Plot'}",{'1'},{'Papers With Code'},2.0,1.0
XCOPA,,[],[],,['Papers With Code'],['EMNLP'],[],"{'Rankable Table', 'Scatter Plot'}",{'1'},{'Papers With Code'},2.0,1.0
Xiezhi,,['Table Screenshot'],['6'],,['GitHub'],['report'],['Fudan University'],{'Table Screenshot'},{'6'},{'Fudan University'},1.0,1.0
XSUM,,[],[],,['Papers With Code'],['EMNLP'],[],"{'Rankable Table', 'Scatter Plot'}",{'1'},{'Papers With Code'},2.0,1.0
Yet Another LLM Leaderboard,,"['Rankable Table', 'Bar Chart', 'Regular Table']",['6'],yes,"['GitHub', 'Hugging Face Spaces']",[],['Independent Contributor'],"{'Bar Chart', 'Rankable Table', 'Regular Table'}",{'6'},{'Independent Contributor'},3.0,1.0
YouCook2,,[],[],,['Papers With Code'],['AAAI'],[],"{'Rankable Table', 'Scatter Plot'}",{'1'},{'Papers With Code'},2.0,1.0
NLI,,"['Rankable Table', 'Scatter Plot']",['2'],yes,['independent platform'],['ICLR'],['Allen Institute for AI'],"{'Rankable Table', 'Scatter Plot'}",{'2'},{'Allen Institute for AI'},2.0,1.0
